52275.0;set(['Mr. BRIDENSTINE', 'Mr. WOLF', 'Mr. COHEN', 'Mr. CULBERSON', 'Mr. CARTWRIGHT', 'Mr. FATTAH', 'Mr. BROUN of Georgia', 'Mr. TONKO', 'Mr. GRIMM', 'Mr. GIBSON', 'Mr. CARNEY', 'Mr. FARR', 'Mr. REICHERT', 'Mr. BRALEY of Iowa', 'Mr. POLIS', 'Mr. LOWENTHAL', 'Mr. THOMPSON of California', 'Mr. POMPEO', 'Mr. PASCRELL', 'Mr. LYNCH', 'Mr. MCNERNEY', 'Mr. LANGEVIN', 'Mr. CICILLINE', 'Mr. GOODLATTE', 'Mr. HOLT', 'Mr. ROHRABACHER', 'Mr. WEBER of Texas', 'Mr. KING of Iowa', 'Mr. TIBERI', 'Mr. KILDEE', 'Mr. YOUNG of Indiana'])
37113.0;set(['Mr. SMITH of New Jersey', 'Mr. ENGLISH of Pennsylvania', 'Mr. LANTOS', 'Mr. WOLF'])
52324.0;set(['Mr. ROGERS of Michigan', 'Mr. WALBERG', 'Mr. AL GREEN of Texas', 'Mr. SIMPSON', 'Mr. POE of Texas', 'Mr. BISHOP of Utah'])
16979.0;set(['Mr. SMITH of New Hampshire', 'Mr. SPECTER', 'Mr. BENNETT', 'Mr. GRAMS', 'Mr. KERRY', 'Mr. DORGAN', 'Mr. CRAIG', 'Mr. MCCONNELL', 'Mr. BYRD', 'Mr. HOLLINGS', 'Mr. GRAMM', 'Mr. MOYNIHAN', 'Mr. ROTH', 'Mr. THOMPSON', 'Mr. THURMOND'])
13591.0;set(['Mr. ROTH', 'Mr. HELMS'])
11367.0;set(['Mr. RANGEL', 'Mr. GILMAN', 'Mr. VENTO', 'Mr. MOORE', 'Mr. WOLF', 'Mr. BONIOR', 'Mr. SHAYS', 'Mr. LEACH', 'Mr. POMEROY', 'Mr. PORTMAN', 'Mr. UDALL of Colorado', 'Mr. DOOLITTLE', 'Mr. DINGELL', 'Mr. PALLONE', 'Mr. FALEOMAVAEGA', 'Mr. ORTIZ', 'Mr. WAXMAN', 'Mr. MANZULLO', 'Mr. LAHOOD', 'Mr. DAVIS of Virginia', 'Mr. CHAMBLISS', 'Mr. THORNBERRY', 'Mr. GEJDENSON', 'Mr. BARRETT of Nebraska', 'Mr. WEYGAND', 'Mr. BISHOP', 'Mr. KNOLLENBERG', 'Mr. DICKS', 'Mr. LANTOS', 'Mr. DELAY', 'Mr. HASTERT', 'Mr. GALLEGLY', 'Mr. NORWOOD', 'Mr. NUSSLE', 'Mr. STARK', 'Mr. COMBEST', 'Mr. ARMEY', 'Mr. HUNTER', 'Mr. BERMAN', 'Mr. KUYKENDALL', 'Mr. TANCREDO', 'Mr. HEFLEY', 'Mr. BORSKI', 'Mr. PORTER', 'Mr. UNDERWOOD', 'Mr. SKELTON', 'Mr. WELDON of Florida', 'Mr. PAUL', 'Mr. MCGOVERN', 'Mr. CUNNINGHAM', 'Mr. STENHOLM', 'Mr. DIXON', 'Mr. CASTLE', 'Mr. CRANE'])
15903.0;set(['Mr. SMITH of New Hampshire', 'Mr. MOYNIHAN', 'Mr. ROBERTS', 'Mr. WELLSTONE', 'Mr. THOMPSON', 'Mr. LOTT', 'Mr. BYRD', 'Mr. HOLLINGS', 'Mr. GRAMM', 'Mr. THOMAS', 'Mr. ROTH', 'Mr. HELMS', 'Mr. ENZI'])
12877.0;set(['Mr. STEARNS', 'Mr. GILMAN', 'Mr. WOLF', 'Mr. BONIOR', 'Mr. KOLBE', 'Mr. ROEMER', 'Mr. TANCREDO', 'Mr. BASS', 'Mr. BROWN of OHIO', 'Mr. FOLEY', 'Mr. KUCINICH', 'Mr. DREIER', 'Mr. PASCRELL', 'Mr. LEVIN', 'Mr. MASCARA', 'Mr. STARK', 'Mr. VISCLOSKY', 'Mr. HUNTER', 'Mr. ROHRABACHER', 'Mr. BURR of North Carolina', 'Mr. ARCHER', 'Mr. PORTER', 'Mr. BEREUTER', 'Mr. BROWN of Ohio', 'Mr. LIPINSKI', 'Mr. CRANE'])
37046.0;set(['Mr. SMITH of New Jersey', 'Mr. LANTOS', 'Mr. ENGLISH of Pennsylvania'])
3860.0;set(['Mr. MURKOWSKI', 'Mr. GORTON', 'Mr. KERREY', 'Mr. BAUCUS', 'Mr. FITZGERALD', 'Mr. MCCAIN', 'Mr. LOTT', 'Mr. THOMAS'])
45559.0;set(['Mr. LEAHY', 'Mr. SCHUMER'])
15037.0;set(['Mr. SPECTER', 'Mr. GRAMS', 'Mr. ROBERTS', 'Mr. BAUCUS', 'Mr. CRAIG', 'Mr. SARBANES', 'Mr. THOMPSON', 'Mr. INHOFE', 'Mr. BYRD', 'Mr. ROTH', 'Mr. HELMS', 'Mr. ENZI', 'Mr. GRAHAM'])
52230.0;set(['Mr. COLLINS of Georgia', 'Mr. CASTRO of Texas', 'Mr. WOLF', 'Mr. SMITH of New Jersey', 'Mr. MCGOVERN', 'Mr. HASTINGS of Washington'])
36282.0;set(['Mr. OBAMA', 'Mr. REID', 'Mr. SPECTER', 'Mr. ISAKSON', 'Mr. KENNEDY', 'Mr. BINGAMAN', 'Mr. SMITH', 'Mr. MCCONNELL', 'Mr. DOMENICI', 'Mr. CHAMBLISS', 'Mr. SUNUNU', 'Mr. MENENDEZ', 'Mr. HARKIN', 'Mr. CONRAD', 'Mr. DURBIN', 'Mr. FRIST', 'Mr. VOINOVICH', 'Mr. BURNS', 'Mr. CHAFEE', 'Mr. CRAIG', 'Mr. KOHL', 'Mr. AKAKA', 'Mr. LAUTENBERG', 'Mr. SALAZAR', 'Mr. SCHUMER', 'Mr. DAYTON', 'Mr. ALLARD', 'Mr. GREGG', 'Mr. JEFFORDS', 'Mr. TALENT', 'Mr. BYRD', 'Mr. CARPER'])
1259.0;set(['Mr. GILMAN', 'Mr. DAVIS of Illinois', 'Mr. ACKERMAN', 'Mr. BEREUTER', 'Mr. BERMAN', 'Mr. ROHRABACHER', 'Mr. FALEOMAVAEGA', 'Mr. LANTOS'])
53539.0;set(['Mr. WHITEHOUSE', 'Mr. COONS', 'Mr. PORTMAN', 'Mr. MCCAIN', 'Mr. CORNYN', 'Mr. COTTON', 'Mr. WYDEN', 'Mr. BLUMENTHAL', 'Mr. SANDERS', 'Mr. ROUNDS', 'Mr. BENNET', 'Mr. ENZI', 'Mr. THUNE', 'Mr. RUBIO'])
37656.0;set(['Mr. REID', 'Mr. BINGAMAN', 'Mr. MARTINEZ', 'Mr. REED', 'Mr. THOMAS', 'Mr. DOMENICI', 'Mr. SESSIONS', 'Mr. BENNETT', 'Mr. SHELBY', 'Mr. MCCONNELL', 'Mr. LOTT', 'Mr. DURBIN', 'Mr. ALLARD', 'Mr. CRAIG', 'Mr. BOND', 'Mr. President', 'Mr. MENENDEZ', 'Mr. KYL', 'Mr. TALENT', 'Mr. DORGAN', 'Mr. COCHRAN', 'Mr. ALEXANDER'])
9685.0;set(['Mr. OWENS'])
2896.0;set(['Mr. SPENCE', 'Mr. LEACH', 'Mr. HOLT', 'Mr. OBEY'])
53412.0;set(['Mr. WHITEHOUSE', 'Mr. INHOFE', 'Mr. FRANKEN', 'Mr. CASEY', 'Mr. MANCHIN', 'Mr. BROWN', 'Mr. SANDERS', 'Mr. CORNYN', 'Mr. MARKEY', 'Mr. MENENDEZ'])
55629.0;set(['Mr. TILLIS', 'Mr. ROUNDS', 'Mr. CARDIN', 'Mr. GARDNER', 'Mr. COONS', 'Mr. BLUNT', 'Mr. DONNELLY', 'Mr. MERKLEY', 'Mr. MARKEY', 'Mr. LEE', 'Mr. MORAN', 'Mr. PERDUE', 'Mr. CASEY', 'Mr. CORNYN', 'Mr. MCCONNELL', 'Mr. WYDEN', 'Mr. PAUL', 'Mr. PETERS', 'Mr. HOEVEN', 'Mr. MENENDEZ', 'Mr. CORKER'])
3492.0;set(['Mr. GILMAN', 'Mr. MENENDEZ'])
40798.0;set(['Mr. GORDON of Tennessee', 'Mr. HALL of Texas'])
47002.0;set(['Mr. REID', 'Mr. SESSIONS', 'Mr. BAUCUS', 'Mr. VITTER', 'Mr. KOHL', 'Mr. BINGAMAN', 'Mr. CASEY', 'Mr. MERKLEY', 'Mr. BLUMENTHAL', 'Mr. SANDERS', 'Mr. COBURN', 'Mr. DURBIN', 'Mr. LEAHY'])
14041.0;set(['Mr. MOYNIHAN', 'Mr. GRAMS', 'Mr. FEINGOLD', 'Mr. CRAIG', 'Mr. BYRD', 'Mr. HOLLINGS'])
45756.0;set(['Mr. BROWN of Ohio', 'Mr. MCCONNELL', 'Mr. REID', 'Mr. CORKER'])
17225.0;set(['Mr. SMITH of New Hampshire', 'Mr. SPECTER', 'Mr. BENNETT', 'Mr. GRAMS', 'Mr. KERRY', 'Mr. DORGAN', 'Mr. CRAIG', 'Mr. MCCONNELL', 'Mr. BYRD', 'Mr. HOLLINGS', 'Mr. GRAMM', 'Mr. MOYNIHAN', 'Mr. ROTH', 'Mr. THOMPSON', 'Mr. THURMOND'])
27716.0;set(['Mr. FRIST', 'Mr. DORGAN', 'Mr. DASCHLE', 'Mr. REID', 'Mr. BIDEN', 'Mr. BURNS', 'Mr. SHELBY', 'Mr. ROBERTS', 'Mr. BAUCUS', 'Mr. HATCH', 'Mr. CHAMBLISS', 'Mr. LIEBERMAN', 'Mr. CONRAD', 'Mr. ROCKEFELLER', 'Mr. REED', 'Mr. COCHRAN', 'Mr. LEVIN', 'Mr. INOUYE', 'Mr. ENZI', 'Mr. CAMPBELL'])
24574.0;set(['Mr. TAUZIN', 'Mr. DEFAZIO', 'Mr. DINGELL'])
13809.0;set(['Mr. BAUCUS', 'Mr. WELLSTONE', 'Mr. ALLARD', 'Mr. GORTON'])
12611.0;set(['Mr. REID', 'Mr. LEVIN', 'Mr. BENNETT', 'Mr. INHOFE', 'Mr. BINGAMAN', 'Mr. THOMPSON', 'Mr. LOTT', 'Mr. BYRD', 'Mr. WARNER', 'Mr. SESSIONS', 'Mr. TORRICELLI'])
43635.0;set(['Mr. REID', 'Mr. FRANKEN', 'Mr. MCCAIN', 'Mr. BINGAMAN', 'Mr. REED', 'Mr. WARNER', 'Mr. ENZI', 'Mr. PRYOR', 'Mr. RISCH', 'Mr. CHAMBLISS', 'Mr. MCCONNELL', 'Mr. HARKIN', 'Mr. WICKER', 'Mr. DURBIN', 'Mr. THUNE', 'Mr. LEAHY', 'Mr. CARDIN', 'Mr. WYDEN', 'Mr. LAUTENBERG', 'Mr. ISAKSON', 'Mr. GREGG', 'Mr. CRAPO', 'Mr. SANDERS', 'Mr. BROWN of Ohio', 'Mr. ALEXANDER', 'Mr. JOHANNS'])
13010.0;set(['Mr. STEARNS', 'Mr. GILMAN', 'Mr. WOLF', 'Mr. BONIOR', 'Mr. KOLBE', 'Mr. ROEMER', 'Mr. TANCREDO', 'Mr. BASS', 'Mr. BROWN of OHIO', 'Mr. FOLEY', 'Mr. KUCINICH', 'Mr. DREIER', 'Mr. PASCRELL', 'Mr. LEVIN', 'Mr. MASCARA', 'Mr. STARK', 'Mr. VISCLOSKY', 'Mr. HUNTER', 'Mr. ROHRABACHER', 'Mr. BURR of North Carolina', 'Mr. ARCHER', 'Mr. PORTER', 'Mr. BEREUTER', 'Mr. BROWN of Ohio', 'Mr. LIPINSKI', 'Mr. CRANE'])
26129.0;set(['Mr. LEVIN', 'Mr. DASCHLE', 'Mr. REID', 'Mr. SESSIONS', 'Mr. INHOFE', 'Mr. KENNEDY', 'Mr. FEINGOLD', 'Mr. BIDEN', 'Mr. DOMENICI', 'Mr. BYRD', 'Mr. ENSIGN', 'Mr. REED', 'Mr. WARNER', 'Mr. DAYTON', 'Mr. GRAHAM of South Carolina', 'Mr. DURBIN', 'Mr. ALLARD', 'Mr. LEAHY'])
45573.0;set(['Mr. LEAHY', 'Mr. SCHUMER'])
10548.0;set(['Mr. RANGEL', 'Mr. CLEMENT', 'Mr. HILL of Montana', 'Mr. CALVERT', 'Mr. WATKINS', 'Mr. ENGLISH', 'Mr. WOLF', 'Mr. GEPHARDT', 'Mr. STUPAK', 'Mr. HAYES', 'Mr. TANCREDO', 'Mr. DOGGETT', 'Mr. OSE', 'Mr. MATSUI', 'Mr. HORN', 'Mr. WU', 'Mr. THOMAS', 'Mr. METCALF', 'Mr. BALDACCI', 'Mr. STRICKLAND', 'Mr. CONDIT', 'Mr. DAVIS of Florida', 'Mr. TIERNEY', 'Mr. MEEHAN', 'Mr. KANJORSKI', 'Mr. COOK', 'Mr. COYNE', 'Mr. HUNTER', 'Mr. CROWLEY', 'Mr. ENGEL', 'Mr. HERGER', 'Mr. TANNER', 'Mr. DICKS', 'Mr. FORD', 'Mr. CARDIN', 'Mr. BACHUS', 'Mr. LEVIN', 'Mr. BASS', 'Mr. DREIER', 'Mr. NORWOOD', 'Mr. GOODLATTE', 'Mr. STEARNS', 'Mr. BERRY', 'Mr. NETHERCUTT', 'Mr. HOLT', 'Mr. CAPUANO', 'Mr. ROEMER', 'Mr. CAMP', 'Mr. ROHRABACHER', 'Mr. OWENS', 'Mr. STARK', 'Mr. FARR of California', 'Mr. BECERRA', 'Mr. HOYER', 'Mr. ARCHER', 'Mr. SANFORD', 'Mr. SALMON', 'Mr. PORTMAN', 'Mr. EVANS', 'Mr. BEREUTER', 'Mr. DAVIS of Illinois', 'Mr. TURNER', 'Mr. LATHAM', 'Mr. CUNNINGHAM', 'Mr. BROWN of Ohio', 'Mr. ARMEY', 'Mr. LIPINSKI', 'Mr. GONZALEZ', 'Mr. CASTLE', 'Mr. NEY', 'Mr. CRANE'])
36930.0;set(['Mr. GENE GREEN of Texas', 'Mr. BARTLETT of Maryland', 'Mr. HASTINGS of Florida', 'Mr. BARTON of Texas', 'Mr. SHAYS', 'Mr. BARRETT of South Carolina', 'Mr. INSLEE', 'Mr. BASS', 'Mr. BLUMENAUER', 'Mr. UDALL of Colorado', 'Mr. GEORGE MILLER of California', 'Mr. PALLONE', 'Mr. SESSIONS', 'Mr. PEARCE', 'Mr. FARR', 'Mr. LANGEVIN', 'Mr. CROWLEY', 'Mr. MARKEY', 'Mr. KUCINICH', 'Mr. DREIER', 'Mr. OSBORNE', 'Mr. HAYES', 'Mr. LEVIN', 'Mr. NUNES', 'Mr. YOUNG of Alaska', 'Mr. STARK', 'Mr. CANTOR', 'Mr. RENZI', 'Mr. POMBO', 'Mr. SALAZAR', 'Mr. GIBBONS', 'Mr. OLVER', 'Mr. WELDON of Florida', 'Mr. BOEHLERT', 'Mr. GRIJALVA', 'Mr. CASTLE', 'Mr. HAYWORTH', 'Mr. KIND', 'Mr. BISHOP of New York', 'Mr. GILCHREST', 'Mr. HALL'])
33527.0;set(['Mr. OBAMA', 'Mr. SPECTER', 'Mr. HAGEL', 'Mr. BINGAMAN', 'Mr. MARTINEZ', 'Mr. BIDEN', 'Mr. BUNNING', 'Mr. DOMENICI', 'Mr. BURR', 'Mr. KYL', 'Mr. CHAMBLISS', 'Mr. BROWNBACK', 'Mr. SMITH', 'Mr. ENZI', 'Mr. JOHNSON', 'Mr. DURBIN', 'Mr. LEAHY', 'Mr. LEVIN', 'Mr. DODD', 'Mr. BAUCUS', 'Mr. CRAIG', 'Mr. KOHL', 'Mr. ALLARD', 'Mr. JEFFORDS', 'Mr. CORZINE', 'Mr. DORGAN', 'Mr. BYRD', 'Mr. DEWINE', 'Mr. CARPER', 'Mr. COLEMAN'])
4203.0;set(['Mr. RANGEL', 'Mr. WELLER', 'Mr. EWING', 'Mr. STEARNS', 'Mr. WOLF', 'Mr. BONIOR', 'Mr. KOLBE', 'Mr. SHAYS', 'Mr. HOUGHTON', 'Mr. GILMAN', 'Mr. TANCREDO', 'Mr. FRELINGHUYSEN', 'Mr. TRAFICANT', 'Mr. BLUMENAUER', 'Mr. COBURN', 'Mr. WU', 'Mr. FALEOMAVAEGA', 'Mr. LEWIS of Georgia', 'Mr. GREEN of Texas', 'Mr. DAVIS of Florida', 'Mr. HUNTER', 'Mr. KLECZKA', 'Mr. CALVERT', 'Mr. BURTON of Indiana', 'Mr. MARKEY', 'Mr. EDWARDS', 'Mr. KUCINICH', 'Mr. KNOLLENBERG', 'Mr. BERRY', 'Mr. OXLEY', 'Mr. DICKS', 'Mr. LANTOS', 'Mr. GEPHARDT', 'Mr. PAUL', 'Mr. TOOMEY', 'Mr. CARDIN', 'Mr. PASCRELL', 'Mr. LEVIN', 'Mr. DREIER', 'Mr. NUSSLE', 'Mr. BENTSEN', 'Mr. GANSKE', 'Mr. STARK', 'Mr. DOYLE', 'Mr. COMBEST', 'Mr. ROEMER', 'Mr. ROHRABACHER', 'Mr. BECERRA', 'Mr. ARCHER', 'Mr. KASICH', 'Mr. OSE', 'Mr. ALLEN', 'Mr. PORTMAN', 'Mr. PITTS', 'Mr. BEREUTER', 'Mr. SANDERS', 'Mr. STENHOLM', 'Mr. SHAW', 'Mr. UNDERWOOD', 'Mr. LIPINSKI', 'Mr. SALMON', 'Mr. COX', 'Mr. HOYER', 'Mr. CRANE'])
4598.0;set(['Mr. RANGEL', 'Mr. WELLER', 'Mr. EWING', 'Mr. STEARNS', 'Mr. WOLF', 'Mr. BONIOR', 'Mr. KOLBE', 'Mr. SHAYS', 'Mr. HOUGHTON', 'Mr. GILMAN', 'Mr. TANCREDO', 'Mr. FRELINGHUYSEN', 'Mr. TRAFICANT', 'Mr. BLUMENAUER', 'Mr. COBURN', 'Mr. WU', 'Mr. FALEOMAVAEGA', 'Mr. LEWIS of Georgia', 'Mr. GREEN of Texas', 'Mr. DAVIS of Florida', 'Mr. HUNTER', 'Mr. KLECZKA', 'Mr. CALVERT', 'Mr. BURTON of Indiana', 'Mr. MARKEY', 'Mr. EDWARDS', 'Mr. KUCINICH', 'Mr. KNOLLENBERG', 'Mr. BERRY', 'Mr. OXLEY', 'Mr. DICKS', 'Mr. LANTOS', 'Mr. GEPHARDT', 'Mr. PAUL', 'Mr. TOOMEY', 'Mr. CARDIN', 'Mr. PASCRELL', 'Mr. LEVIN', 'Mr. DREIER', 'Mr. NUSSLE', 'Mr. BENTSEN', 'Mr. GANSKE', 'Mr. STARK', 'Mr. DOYLE', 'Mr. COMBEST', 'Mr. ROEMER', 'Mr. ROHRABACHER', 'Mr. BECERRA', 'Mr. ARCHER', 'Mr. KASICH', 'Mr. OSE', 'Mr. ALLEN', 'Mr. PORTMAN', 'Mr. PITTS', 'Mr. BEREUTER', 'Mr. SANDERS', 'Mr. STENHOLM', 'Mr. SHAW', 'Mr. UNDERWOOD', 'Mr. LIPINSKI', 'Mr. SALMON', 'Mr. COX', 'Mr. HOYER', 'Mr. CRANE'])
54701.0;set(['Mr. REID', 'Mr. BLUNT', 'Mr. SASSE', 'Mr. LANKFORD', 'Mr. SCOTT', 'Mr. MCCAIN', 'Mr. CORNYN', 'Mr. MCCONNELL', 'Mr. MURPHY', 'Mr. WICKER', 'Mr. HOEVEN', 'Mr. LEAHY', 'Mr. DURBIN', 'Mr. COATS', 'Mr. CORKER'])
39734.0;set(['Mr. INHOFE', 'Mr. BURRIS', 'Mr. ENZI', 'Mr. GRAHAM'])
6949.0;set(['Mr. BIDEN', 'Mr. GORTON', 'Mr. KYL', 'Mr. SHELBY', 'Mr. HELMS', 'Mr. LOTT', 'Mr. LIEBERMAN', 'Mr. COCHRAN', 'Mr. LEVIN'])
10432.0;set(['Mr. RANGEL', 'Mr. CLEMENT', 'Mr. HILL of Montana', 'Mr. CALVERT', 'Mr. WATKINS', 'Mr. ENGLISH', 'Mr. WOLF', 'Mr. GEPHARDT', 'Mr. STUPAK', 'Mr. HAYES', 'Mr. TANCREDO', 'Mr. DOGGETT', 'Mr. OSE', 'Mr. MATSUI', 'Mr. HORN', 'Mr. WU', 'Mr. THOMAS', 'Mr. METCALF', 'Mr. BALDACCI', 'Mr. STRICKLAND', 'Mr. CONDIT', 'Mr. DAVIS of Florida', 'Mr. TIERNEY', 'Mr. MEEHAN', 'Mr. KANJORSKI', 'Mr. COOK', 'Mr. COYNE', 'Mr. HUNTER', 'Mr. CROWLEY', 'Mr. ENGEL', 'Mr. HERGER', 'Mr. TANNER', 'Mr. DICKS', 'Mr. FORD', 'Mr. CARDIN', 'Mr. BACHUS', 'Mr. LEVIN', 'Mr. BASS', 'Mr. DREIER', 'Mr. NORWOOD', 'Mr. GOODLATTE', 'Mr. STEARNS', 'Mr. BERRY', 'Mr. NETHERCUTT', 'Mr. HOLT', 'Mr. CAPUANO', 'Mr. ROEMER', 'Mr. CAMP', 'Mr. ROHRABACHER', 'Mr. OWENS', 'Mr. STARK', 'Mr. FARR of California', 'Mr. BECERRA', 'Mr. HOYER', 'Mr. ARCHER', 'Mr. SANFORD', 'Mr. SALMON', 'Mr. PORTMAN', 'Mr. EVANS', 'Mr. BEREUTER', 'Mr. DAVIS of Illinois', 'Mr. TURNER', 'Mr. LATHAM', 'Mr. CUNNINGHAM', 'Mr. BROWN of Ohio', 'Mr. ARMEY', 'Mr. LIPINSKI', 'Mr. GONZALEZ', 'Mr. CASTLE', 'Mr. NEY', 'Mr. CRANE'])
21579.0;set(['Mr. SERRANO', 'Mr. WOLF'])
10974.0;set(['Mr. RANGEL', 'Mr. GILMAN', 'Mr. VENTO', 'Mr. MOORE', 'Mr. WOLF', 'Mr. BONIOR', 'Mr. SHAYS', 'Mr. LEACH', 'Mr. POMEROY', 'Mr. PORTMAN', 'Mr. UDALL of Colorado', 'Mr. DOOLITTLE', 'Mr. DINGELL', 'Mr. PALLONE', 'Mr. FALEOMAVAEGA', 'Mr. ORTIZ', 'Mr. WAXMAN', 'Mr. MANZULLO', 'Mr. LAHOOD', 'Mr. DAVIS of Virginia', 'Mr. CHAMBLISS', 'Mr. THORNBERRY', 'Mr. GEJDENSON', 'Mr. BARRETT of Nebraska', 'Mr. WEYGAND', 'Mr. BISHOP', 'Mr. KNOLLENBERG', 'Mr. DICKS', 'Mr. LANTOS', 'Mr. DELAY', 'Mr. HASTERT', 'Mr. GALLEGLY', 'Mr. NORWOOD', 'Mr. NUSSLE', 'Mr. STARK', 'Mr. COMBEST', 'Mr. ARMEY', 'Mr. HUNTER', 'Mr. BERMAN', 'Mr. KUYKENDALL', 'Mr. TANCREDO', 'Mr. HEFLEY', 'Mr. BORSKI', 'Mr. PORTER', 'Mr. UNDERWOOD', 'Mr. SKELTON', 'Mr. WELDON of Florida', 'Mr. PAUL', 'Mr. MCGOVERN', 'Mr. CUNNINGHAM', 'Mr. STENHOLM', 'Mr. DIXON', 'Mr. CASTLE', 'Mr. CRANE'])
22394.0;set(['Mr. KOLBE', 'Mr. KINGSTON', 'Mr. INSLEE'])
49739.0;set(['Mr. DREIER', 'Mr. SESSIONS', 'Mr. MCGOVERN'])
36871.0;set(['Mr. SPECTER', 'Mr. BOND', 'Mr. SESSIONS', 'Mr. CHAMBLISS', 'Mr. KENNEDY', 'Mr. CRAIG', 'Mr. BINGAMAN', 'Mr. MCCONNELL', 'Mr. HARKIN', 'Mr. BYRD', 'Mr. ENSIGN', 'Mr. FRIST', 'Mr. FEINSTEIN', 'Mr. WARNER', 'Mr. LEVIN', 'Mr. GREGG', 'Mr. LEAHY'])
11571.0;set(['Mr. RANGEL', 'Mr. GILMAN', 'Mr. VENTO', 'Mr. MOORE', 'Mr. WOLF', 'Mr. BONIOR', 'Mr. SHAYS', 'Mr. LEACH', 'Mr. POMEROY', 'Mr. PORTMAN', 'Mr. UDALL of Colorado', 'Mr. DOOLITTLE', 'Mr. DINGELL', 'Mr. PALLONE', 'Mr. FALEOMAVAEGA', 'Mr. ORTIZ', 'Mr. WAXMAN', 'Mr. MANZULLO', 'Mr. LAHOOD', 'Mr. DAVIS of Virginia', 'Mr. CHAMBLISS', 'Mr. THORNBERRY', 'Mr. GEJDENSON', 'Mr. BARRETT of Nebraska', 'Mr. WEYGAND', 'Mr. BISHOP', 'Mr. KNOLLENBERG', 'Mr. DICKS', 'Mr. LANTOS', 'Mr. DELAY', 'Mr. HASTERT', 'Mr. GALLEGLY', 'Mr. NORWOOD', 'Mr. NUSSLE', 'Mr. STARK', 'Mr. COMBEST', 'Mr. ARMEY', 'Mr. HUNTER', 'Mr. BERMAN', 'Mr. KUYKENDALL', 'Mr. TANCREDO', 'Mr. HEFLEY', 'Mr. BORSKI', 'Mr. PORTER', 'Mr. UNDERWOOD', 'Mr. SKELTON', 'Mr. WELDON of Florida', 'Mr. PAUL', 'Mr. MCGOVERN', 'Mr. CUNNINGHAM', 'Mr. STENHOLM', 'Mr. DIXON', 'Mr. CASTLE', 'Mr. CRANE'])
2029.0;set(['Mr. GRAMS', 'Mr. GRASSLEY', 'Mr. FEINGOLD', 'Mr. HUTCHINSON'])
9714.0;set(['Mr. OWENS'])
44075.0;set(['Mr. WARNER', 'Mr. CARDIN', 'Mr. CASEY', 'Mr. LEAHY'])
9815.0;set(['Mr. OWENS'])
230.0;set(['Mr. LEVIN', 'Mr. FEINGOLD', 'Mr. HUTCHINSON', 'Mr. ALLARD'])
29395.0;set(['Mr. RANGEL', 'Mr. BRADY of Texas', 'Mr. MCDERMOTT', 'Mr. DOGGETT', 'Mr. MATSUI', 'Mr. BLUMENAUER', 'Mr. UDALL of Colorado', 'Mr. THOMAS', 'Mr. WAXMAN', 'Mr. LEWIS of Georgia', 'Mr. MANZULLO', 'Mr. BALDWIN', 'Mr. FOLEY', 'Mr. HERGER', 'Mr. CARDIN', 'Mr. LEVIN', 'Mr. ROGERS of Michigan', 'Mr. RYAN of Wisconsin', 'Mr. BEAUPREZ', 'Mr. SANDLIN', 'Mr. STARK', 'Mr. HOLT', 'Mr. CAMP', 'Mr. GRAVES', 'Mr. MCCRERY', 'Mr. BECERRA', 'Mr. TAYLOR of Mississippi', 'Mr. MCINTYRE', 'Mr. PORTMAN', 'Mr. WALSH', 'Mr. HAYWORTH', 'Mr. COOPER', 'Mr. PAUL', 'Mr. SHAW', 'Mr. SAM JOHNSON of Texas', 'Mr. HOYER', 'Mr. CRANE'])
26403.0;set(['Mr. BROWNBACK', 'Mr. KYL', 'Mr. CAMPBELL'])
51823.0;set(['Mr. WHITEHOUSE', 'Mr. CARDIN', 'Mr. BLUMENTHAL', 'Mr. MURPHY', 'Mr. UDALL of New Mexico', 'Mr. SCHATZ', 'Mr. BOOKER', 'Mr. REED', 'Mr. HEINRICH', 'Mr. NELSON', 'Mr. ALEXANDER'])
35355.0;set(['Mr. SANTORUM', 'Mr. OBAMA', 'Mr. GRASSLEY', 'Mr. SPECTER', 'Mr. HAGEL', 'Mr. MCCAIN', 'Mr. BINGAMAN', 'Mr. SMITH', 'Mr. COBURN', 'Mr. HATCH', 'Mr. REED', 'Mr. WARNER', 'Mr. BUNNING', 'Mr. DOMENICI', 'Mr. PRYOR', 'Mr. LOTT', 'Mr. KYL', 'Mr. CHAMBLISS', 'Mr. VITTER', 'Mr. SUNUNU', 'Mr. HARKIN', 'Mr. CONRAD', 'Mr. JOHNSON', 'Mr. DURBIN', 'Mr. LEAHY', 'Mr. ROCKEFELLER', 'Mr. STEVENS', 'Mr. LEVIN', 'Mr. BURNS', 'Mr. DODD', 'Mr. BAUCUS', 'Mr. KOHL', 'Mr. LIEBERMAN', 'Mr. LAUTENBERG', 'Mr. SALAZAR', 'Mr. SCHUMER', 'Mr. GREGG', 'Mr. BENNETT', 'Mr. FEINGOLD', 'Mr. CORNYN', 'Mr. SHELBY', 'Mr. BYRD', 'Mr. FRIST'])
2760.0;set(['Mr. DUNCAN', 'Mr. ROEMER'])
17899.0;set(['Mr. ROCKEFELLER', 'Mr. REID', 'Mr. MOYNIHAN', 'Mr. GORTON', 'Mr. KENNEDY', 'Mr. MCCAIN', 'Mr. BINGAMAN', 'Mr. THOMAS', 'Mr. WARNER', 'Mr. BIDEN', 'Mr. ENZI', 'Mr. DASCHLE', 'Mr. SESSIONS', 'Mr. ASHCROFT', 'Mr. KERRY', 'Mr. WELLSTONE', 'Mr. MURRAY', 'Mr. CONRAD', 'Mr. DURBIN', 'Mr. DEWINE', 'Mr. SANTORUM', 'Mr. LEVIN', 'Mr. LEAHY', 'Mr. BAUCUS', 'Mr. KOHL', 'Mr. BOND', 'Mr. HOLLINGS', 'Mr. LAUTENBERG', 'Mr. SCHUMER', 'Mr. ALLARD', 'Mr. JEFFORDS', 'Mr. KERREY', 'Mr. DORGAN', 'Mr. HATCH', 'Mr. HELMS', 'Mr. BYRD', 'Mr. ROTH', 'Mr. MACK', 'Mr. THURMOND'])
24551.0;set(['Mr. ROYCE', 'Mr. LEACH', 'Mr. FALEOMAVAEGA', 'Mr. BECERRA', 'Mr. KIRK'])
17720.0;set(['Mr. ROCKEFELLER', 'Mr. REID', 'Mr. MOYNIHAN', 'Mr. GORTON', 'Mr. KENNEDY', 'Mr. MCCAIN', 'Mr. BINGAMAN', 'Mr. THOMAS', 'Mr. WARNER', 'Mr. BIDEN', 'Mr. ENZI', 'Mr. DASCHLE', 'Mr. SESSIONS', 'Mr. ASHCROFT', 'Mr. KERRY', 'Mr. WELLSTONE', 'Mr. MURRAY', 'Mr. CONRAD', 'Mr. DURBIN', 'Mr. DEWINE', 'Mr. SANTORUM', 'Mr. LEVIN', 'Mr. LEAHY', 'Mr. BAUCUS', 'Mr. KOHL', 'Mr. BOND', 'Mr. HOLLINGS', 'Mr. LAUTENBERG', 'Mr. SCHUMER', 'Mr. ALLARD', 'Mr. JEFFORDS', 'Mr. KERREY', 'Mr. DORGAN', 'Mr. HATCH', 'Mr. HELMS', 'Mr. BYRD', 'Mr. ROTH', 'Mr. MACK', 'Mr. THURMOND'])
51362.0;set(['Mr. REID', 'Mr. MURPHY', 'Mr. MCCAIN', 'Mr. BLUMENTHAL', 'Mr. SCHUMER', 'Mr. HEINRICH', 'Mr. DURBIN', 'Mr. LEAHY'])
34361.0;set(['Mr. RANGEL', 'Mr. GENE GREEN of Texas', 'Mr. SOUDER', 'Mr. UDALL of Colorado', 'Mr. BARRETT of South Carolina', 'Mr. THOMAS', 'Mr. ENGLISH of Pennsylvania', 'Mr. BACA', 'Mr. SPRATT', 'Mr. HERGER', 'Mr. CARDIN', 'Mr. LEVIN', 'Mr. ROGERS of Michigan', 'Mr. STARK', 'Mr. HOLT', 'Mr. RYAN of Ohio', 'Mr. NEAL of Massachusetts', 'Mr. MURPHY', 'Mr. HAYWORTH', 'Mr. PAUL', 'Mr. SHAW', 'Mr. REYNOLDS'])
45840.0;set(['Mr. WHITEHOUSE', 'Mr. REID', 'Mr. LEVIN', 'Mr. WEBB', 'Mr. HATCH', 'Mr. MCCONNELL', 'Mr. SCHUMER', 'Mr. BROWN of Ohio', 'Mr. INOUYE', 'Mr. BARRASSO'])
55872.0;set(['Mr. YOHO', 'Mr. McCAUL', 'Mr. KING of Iowa', 'Mr. BENISHEK', 'Mr. SCOTT of Virginia', 'Mr. POE of Texas'])
52127.0;set(['Mr. SMITH of New Jersey', 'Mr. GARAMENDI', 'Mr. MCKEON', 'Mr. HOYER', 'Mr. ENGEL'])
392.0;set(['Mr. WELLSTONE', 'Mr. BIDEN', 'Mr. FEINGOLD', 'Mr. LOTT', 'Mr. THOMAS', 'Mr. HUTCHINSON', 'Mr. MACK'])
10767.0;set(['Mr. RANGEL', 'Mr. GILMAN', 'Mr. VENTO', 'Mr. MOORE', 'Mr. WOLF', 'Mr. BONIOR', 'Mr. SHAYS', 'Mr. LEACH', 'Mr. POMEROY', 'Mr. PORTMAN', 'Mr. UDALL of Colorado', 'Mr. DOOLITTLE', 'Mr. DINGELL', 'Mr. PALLONE', 'Mr. FALEOMAVAEGA', 'Mr. ORTIZ', 'Mr. WAXMAN', 'Mr. MANZULLO', 'Mr. LAHOOD', 'Mr. DAVIS of Virginia', 'Mr. CHAMBLISS', 'Mr. THORNBERRY', 'Mr. GEJDENSON', 'Mr. BARRETT of Nebraska', 'Mr. WEYGAND', 'Mr. BISHOP', 'Mr. KNOLLENBERG', 'Mr. DICKS', 'Mr. LANTOS', 'Mr. DELAY', 'Mr. HASTERT', 'Mr. GALLEGLY', 'Mr. NORWOOD', 'Mr. NUSSLE', 'Mr. STARK', 'Mr. COMBEST', 'Mr. ARMEY', 'Mr. HUNTER', 'Mr. BERMAN', 'Mr. KUYKENDALL', 'Mr. TANCREDO', 'Mr. HEFLEY', 'Mr. BORSKI', 'Mr. PORTER', 'Mr. UNDERWOOD', 'Mr. SKELTON', 'Mr. WELDON of Florida', 'Mr. PAUL', 'Mr. MCGOVERN', 'Mr. CUNNINGHAM', 'Mr. STENHOLM', 'Mr. DIXON', 'Mr. CASTLE', 'Mr. CRANE'])
11339.0;set(['Mr. RANGEL', 'Mr. GILMAN', 'Mr. VENTO', 'Mr. MOORE', 'Mr. WOLF', 'Mr. BONIOR', 'Mr. SHAYS', 'Mr. LEACH', 'Mr. POMEROY', 'Mr. PORTMAN', 'Mr. UDALL of Colorado', 'Mr. DOOLITTLE', 'Mr. DINGELL', 'Mr. PALLONE', 'Mr. FALEOMAVAEGA', 'Mr. ORTIZ', 'Mr. WAXMAN', 'Mr. MANZULLO', 'Mr. LAHOOD', 'Mr. DAVIS of Virginia', 'Mr. CHAMBLISS', 'Mr. THORNBERRY', 'Mr. GEJDENSON', 'Mr. BARRETT of Nebraska', 'Mr. WEYGAND', 'Mr. BISHOP', 'Mr. KNOLLENBERG', 'Mr. DICKS', 'Mr. LANTOS', 'Mr. DELAY', 'Mr. HASTERT', 'Mr. GALLEGLY', 'Mr. NORWOOD', 'Mr. NUSSLE', 'Mr. STARK', 'Mr. COMBEST', 'Mr. ARMEY', 'Mr. HUNTER', 'Mr. BERMAN', 'Mr. KUYKENDALL', 'Mr. TANCREDO', 'Mr. HEFLEY', 'Mr. BORSKI', 'Mr. PORTER', 'Mr. UNDERWOOD', 'Mr. SKELTON', 'Mr. WELDON of Florida', 'Mr. PAUL', 'Mr. MCGOVERN', 'Mr. CUNNINGHAM', 'Mr. STENHOLM', 'Mr. DIXON', 'Mr. CASTLE', 'Mr. CRANE'])
17180.0;set(['Mr. SMITH of New Hampshire', 'Mr. SPECTER', 'Mr. BENNETT', 'Mr. GRAMS', 'Mr. KERRY', 'Mr. DORGAN', 'Mr. CRAIG', 'Mr. MCCONNELL', 'Mr. BYRD', 'Mr. HOLLINGS', 'Mr. GRAMM', 'Mr. MOYNIHAN', 'Mr. ROTH', 'Mr. THOMPSON', 'Mr. THURMOND'])
16244.0;set(['Mr. SMITH of New Hampshire', 'Mr. WELLSTONE', 'Mr. MOYNIHAN', 'Mr. KYL', 'Mr. ASHCROFT', 'Mr. SHELBY', 'Mr. FEINGOLD', 'Mr. BIDEN', 'Mr. THOMPSON', 'Mr. LOTT', 'Mr. DODD', 'Mr. BYRD', 'Mr. REID', 'Mr. GRAMM', 'Mr. LEVIN', 'Mr. ROTH', 'Mr. HELMS', 'Mr. TORRICELLI', 'Mr. DOMENICI', 'Mr. ALLARD', 'Mr. DEWINE'])
27701.0;set(['Mr. FRIST', 'Mr. REID', 'Mr. JEFFORDS', 'Mr. CRAIG', 'Mr. NICKLES', 'Mr. CORNYN', 'Mr. DURBIN', 'Mr. BINGAMAN', 'Mr. THOMAS', 'Mr. BUNNING', 'Mr. BREAUX', 'Mr. DOMENICI', 'Mr. GREGG', 'Mr. LEAHY'])
27388.0;set(['Mr. VOINOVICH', 'Mr. SESSIONS', 'Mr. KYL', 'Mr. BENNETT', 'Mr. INHOFE', 'Mr. KENNEDY', 'Mr. MCCAIN', 'Mr. SMITH', 'Mr. MCCONNELL', 'Mr. BOND', 'Mr. AKAKA', 'Mr. LIEBERMAN', 'Mr. ALLARD'])
49447.0;set(['Mr. MCCAIN', 'Mr. DURBIN'])
18906.0;set(['Mr. LOTT', 'Mr. HARKIN', 'Mr. ROTH', 'Mr. WELLSTONE'])
43644.0;set(['Mr. REID', 'Mr. FRANKEN', 'Mr. MCCAIN', 'Mr. BINGAMAN', 'Mr. REED', 'Mr. WARNER', 'Mr. ENZI', 'Mr. PRYOR', 'Mr. RISCH', 'Mr. CHAMBLISS', 'Mr. MCCONNELL', 'Mr. HARKIN', 'Mr. WICKER', 'Mr. DURBIN', 'Mr. THUNE', 'Mr. LEAHY', 'Mr. CARDIN', 'Mr. WYDEN', 'Mr. LAUTENBERG', 'Mr. ISAKSON', 'Mr. GREGG', 'Mr. CRAPO', 'Mr. SANDERS', 'Mr. BROWN of Ohio', 'Mr. ALEXANDER', 'Mr. JOHANNS'])
15358.0;set(['Mr. SPECTER', 'Mr. GRAMS', 'Mr. ROBERTS', 'Mr. BAUCUS', 'Mr. CRAIG', 'Mr. SARBANES', 'Mr. THOMPSON', 'Mr. INHOFE', 'Mr. BYRD', 'Mr. ROTH', 'Mr. HELMS', 'Mr. ENZI', 'Mr. GRAHAM'])
18962.0;set(['Mr. LOTT', 'Mr. HARKIN', 'Mr. ROTH', 'Mr. WELLSTONE'])
8015.0;set(['Mr. PASCRELL', 'Mr. BONIOR', 'Mr. GANSKE', 'Mr. BARTON of Texas', 'Mr. SANDERS', 'Mr. BROWN of Ohio', 'Mr. LIPINSKI'])
14010.0;set(['Mr. MOYNIHAN', 'Mr. GRAMS', 'Mr. FEINGOLD', 'Mr. CRAIG', 'Mr. BYRD', 'Mr. HOLLINGS'])
44355.0;set(['Mr. BEGICH', 'Mr. BARRASSO', 'Mr. MENENDEZ', 'Mr. CORNYN', 'Mr. JOHANNS'])
2417.0;set(['Mr. FRIST', 'Mr. CLELAND', 'Mr. SPECTER', 'Mr. GORTON', 'Mr. KENNEDY', 'Mr. MCCAIN', 'Mr. BINGAMAN', 'Mr. REID', 'Mr. REED', 'Mr. WARNER', 'Mr. THOMAS', 'Mr. CRAPO', 'Mr. DOMENICI', 'Mr. MURKOWSKI', 'Mr. LOTT', 'Mr. SESSIONS', 'Mr. KYL', 'Mr. ASHCROFT', 'Mr. SHELBY', 'Mr. BROWNBACK', 'Mr. WELLSTONE', 'Mr. McCAIN', 'Mr. ROBB', 'Mr. HARKIN', 'Mr. DODD', 'Mr. EDWARDS', 'Mr. CONRAD', 'Mr. ABRAHAM', 'Mr. MACK', 'Mr. SANTORUM', 'Mr. STEVENS', 'Mr. LEVIN', 'Mr. HUTCHINSON', 'Mr. CHAFEE', 'Mr. INHOFE', 'Mr. KOHL', 'Mr. THOMPSON', 'Mr. BOND', 'Mr. LIEBERMAN', 'Mr. GRASSLEY', 'Mr. ALLARD', 'Mr. KERREY', 'Mr. ROBERTS', 'Mr. DORGAN', 'Mr. FEINGOLD', 'Mr. HATCH', 'Mr. BYRD', 'Mr. KERRY', 'Mr. COCHRAN', 'Mr. LAUTENBERG', 'Mr. DEWINE', 'Mr. THURMOND', 'Mr. GRAHAM'])
34842.0;set(['Mr. STEARNS', 'Mr. BACA', 'Mr. CHANDLER', 'Mr. SHUSTER', 'Mr. SMITH of New Jersey', 'Mr. HONDA', 'Mr. CASE', 'Mr. BROWN of Ohio'])
2679.0;set(['Mr. HAYES', 'Mr. HUNTER', 'Mr. FOLEY', 'Mr. CUNNINGHAM', 'Mr. PITTS', 'Mr. FROST', 'Mr. SKELTON', 'Mr. TURNER', 'Mr. KIND', 'Mr. DINGELL', 'Mr. DREIER', 'Mr. DICKS', 'Mr. SAXTON', 'Mr. GOSS'])
34006.0;set(['Mr. HYDE', 'Mr. WAXMAN', 'Mr. LEACH', 'Mr. MENENDEZ', 'Mr. SMITH of New Jersey', 'Mr. SHAW', 'Mr. ISRAEL', 'Mr. LANTOS', 'Mr. MICA'])
14012.0;set(['Mr. MOYNIHAN', 'Mr. GRAMS', 'Mr. FEINGOLD', 'Mr. CRAIG', 'Mr. BYRD', 'Mr. HOLLINGS'])
17081.0;set(['Mr. SMITH of New Hampshire', 'Mr. SPECTER', 'Mr. BENNETT', 'Mr. GRAMS', 'Mr. KERRY', 'Mr. DORGAN', 'Mr. CRAIG', 'Mr. MCCONNELL', 'Mr. BYRD', 'Mr. HOLLINGS', 'Mr. GRAMM', 'Mr. MOYNIHAN', 'Mr. ROTH', 'Mr. THOMPSON', 'Mr. THURMOND'])
231.0;set(['Mr. LEVIN', 'Mr. FEINGOLD', 'Mr. HUTCHINSON', 'Mr. ALLARD'])
308.0;set(['Mr. WELLSTONE', 'Mr. BIDEN', 'Mr. FEINGOLD', 'Mr. LOTT', 'Mr. THOMAS', 'Mr. HUTCHINSON', 'Mr. MACK'])
45347.0;set(['Mr. REID', 'Mr. KYL', 'Mr. BAUCUS', 'Mr. MCCAIN', 'Mr. CORNYN', 'Mr. HARKIN', 'Mr. WYDEN', 'Mr. SANDERS', 'Mr. HATCH', 'Mr. BROWN of Ohio', 'Mr. CONRAD', 'Mr. DURBIN'])
24245.0;set(['Mr. ALLEN', 'Mr. DORGAN', 'Mr. REID', 'Mr. ENZI', 'Mr. DASCHLE'])
12395.0;set(['Mr. SPECTER', 'Mr. BIDEN'])
5071.0;set(['Mr. RANGEL', 'Mr. WELLER', 'Mr. EWING', 'Mr. STEARNS', 'Mr. WOLF', 'Mr. BONIOR', 'Mr. KOLBE', 'Mr. SHAYS', 'Mr. HOUGHTON', 'Mr. GILMAN', 'Mr. TANCREDO', 'Mr. FRELINGHUYSEN', 'Mr. TRAFICANT', 'Mr. BLUMENAUER', 'Mr. COBURN', 'Mr. WU', 'Mr. FALEOMAVAEGA', 'Mr. LEWIS of Georgia', 'Mr. GREEN of Texas', 'Mr. DAVIS of Florida', 'Mr. HUNTER', 'Mr. KLECZKA', 'Mr. CALVERT', 'Mr. BURTON of Indiana', 'Mr. MARKEY', 'Mr. EDWARDS', 'Mr. KUCINICH', 'Mr. KNOLLENBERG', 'Mr. BERRY', 'Mr. OXLEY', 'Mr. DICKS', 'Mr. LANTOS', 'Mr. GEPHARDT', 'Mr. PAUL', 'Mr. TOOMEY', 'Mr. CARDIN', 'Mr. PASCRELL', 'Mr. LEVIN', 'Mr. DREIER', 'Mr. NUSSLE', 'Mr. BENTSEN', 'Mr. GANSKE', 'Mr. STARK', 'Mr. DOYLE', 'Mr. COMBEST', 'Mr. ROEMER', 'Mr. ROHRABACHER', 'Mr. BECERRA', 'Mr. ARCHER', 'Mr. KASICH', 'Mr. OSE', 'Mr. ALLEN', 'Mr. PORTMAN', 'Mr. PITTS', 'Mr. BEREUTER', 'Mr. SANDERS', 'Mr. STENHOLM', 'Mr. SHAW', 'Mr. UNDERWOOD', 'Mr. LIPINSKI', 'Mr. SALMON', 'Mr. COX', 'Mr. HOYER', 'Mr. CRANE'])
54633.0;set(['Mr. BURR', 'Mr. CARDIN', 'Mr. COONS', 'Mr. LEE', 'Mr. LANKFORD', 'Mr. COATS', 'Mr. MCCAIN', 'Mr. PERDUE', 'Mr. CORNYN', 'Mr. MCCONNELL', 'Mr. BOOZMAN', 'Mr. INHOFE', 'Mr. KAINE', 'Mr. BLUMENTHAL', 'Mr. ISAKSON', 'Mr. REED', 'Mr. COCHRAN', 'Mr. TOOMEY', 'Mr. DURBIN', 'Mr. CORKER'])
11522.0;set(['Mr. RANGEL', 'Mr. GILMAN', 'Mr. VENTO', 'Mr. MOORE', 'Mr. WOLF', 'Mr. BONIOR', 'Mr. SHAYS', 'Mr. LEACH', 'Mr. POMEROY', 'Mr. PORTMAN', 'Mr. UDALL of Colorado', 'Mr. DOOLITTLE', 'Mr. DINGELL', 'Mr. PALLONE', 'Mr. FALEOMAVAEGA', 'Mr. ORTIZ', 'Mr. WAXMAN', 'Mr. MANZULLO', 'Mr. LAHOOD', 'Mr. DAVIS of Virginia', 'Mr. CHAMBLISS', 'Mr. THORNBERRY', 'Mr. GEJDENSON', 'Mr. BARRETT of Nebraska', 'Mr. WEYGAND', 'Mr. BISHOP', 'Mr. KNOLLENBERG', 'Mr. DICKS', 'Mr. LANTOS', 'Mr. DELAY', 'Mr. HASTERT', 'Mr. GALLEGLY', 'Mr. NORWOOD', 'Mr. NUSSLE', 'Mr. STARK', 'Mr. COMBEST', 'Mr. ARMEY', 'Mr. HUNTER', 'Mr. BERMAN', 'Mr. KUYKENDALL', 'Mr. TANCREDO', 'Mr. HEFLEY', 'Mr. BORSKI', 'Mr. PORTER', 'Mr. UNDERWOOD', 'Mr. SKELTON', 'Mr. WELDON of Florida', 'Mr. PAUL', 'Mr. MCGOVERN', 'Mr. CUNNINGHAM', 'Mr. STENHOLM', 'Mr. DIXON', 'Mr. CASTLE', 'Mr. CRANE'])
4313.0;set(['Mr. RANGEL', 'Mr. WELLER', 'Mr. EWING', 'Mr. STEARNS', 'Mr. WOLF', 'Mr. BONIOR', 'Mr. KOLBE', 'Mr. SHAYS', 'Mr. HOUGHTON', 'Mr. GILMAN', 'Mr. TANCREDO', 'Mr. FRELINGHUYSEN', 'Mr. TRAFICANT', 'Mr. BLUMENAUER', 'Mr. COBURN', 'Mr. WU', 'Mr. FALEOMAVAEGA', 'Mr. LEWIS of Georgia', 'Mr. GREEN of Texas', 'Mr. DAVIS of Florida', 'Mr. HUNTER', 'Mr. KLECZKA', 'Mr. CALVERT', 'Mr. BURTON of Indiana', 'Mr. MARKEY', 'Mr. EDWARDS', 'Mr. KUCINICH', 'Mr. KNOLLENBERG', 'Mr. BERRY', 'Mr. OXLEY', 'Mr. DICKS', 'Mr. LANTOS', 'Mr. GEPHARDT', 'Mr. PAUL', 'Mr. TOOMEY', 'Mr. CARDIN', 'Mr. PASCRELL', 'Mr. LEVIN', 'Mr. DREIER', 'Mr. NUSSLE', 'Mr. BENTSEN', 'Mr. GANSKE', 'Mr. STARK', 'Mr. DOYLE', 'Mr. COMBEST', 'Mr. ROEMER', 'Mr. ROHRABACHER', 'Mr. BECERRA', 'Mr. ARCHER', 'Mr. KASICH', 'Mr. OSE', 'Mr. ALLEN', 'Mr. PORTMAN', 'Mr. PITTS', 'Mr. BEREUTER', 'Mr. SANDERS', 'Mr. STENHOLM', 'Mr. SHAW', 'Mr. UNDERWOOD', 'Mr. LIPINSKI', 'Mr. SALMON', 'Mr. COX', 'Mr. HOYER', 'Mr. CRANE'])
33956.0;set(['Mr. SANTORUM', 'Mr. OBAMA', 'Mr. CORZINE', 'Mr. CHAMBLISS', 'Mr. DORGAN', 'Mr. MCCAIN', 'Mr. KOHL', 'Mr. CORNYN', 'Mr. MCCONNELL', 'Mr. INHOFE', 'Mr. LIEBERMAN', 'Mr. COBURN', 'Mr. KENNEDY', 'Mr. SCHUMER', 'Mr. MARTINEZ', 'Mr. DURBIN', 'Mr. GREGG', 'Mr. LEAHY'])
52275.0;set(['Mr. BRIDENSTINE', 'Mr. WOLF', 'Mr. COHEN', 'Mr. CULBERSON', 'Mr. CARTWRIGHT', 'Mr. FATTAH', 'Mr. BROUN of Georgia', 'Mr. TONKO', 'Mr. GRIMM', 'Mr. GIBSON', 'Mr. CARNEY', 'Mr. FARR', 'Mr. REICHERT', 'Mr. BRALEY of Iowa', 'Mr. POLIS', 'Mr. LOWENTHAL', 'Mr. THOMPSON of California', 'Mr. POMPEO', 'Mr. PASCRELL', 'Mr. LYNCH', 'Mr. MCNERNEY', 'Mr. LANGEVIN', 'Mr. CICILLINE', 'Mr. GOODLATTE', 'Mr. HOLT', 'Mr. ROHRABACHER', 'Mr. WEBER of Texas', 'Mr. KING of Iowa', 'Mr. TIBERI', 'Mr. KILDEE', 'Mr. YOUNG of Indiana'])
37113.0;set(['Mr. SMITH of New Jersey', 'Mr. ENGLISH of Pennsylvania', 'Mr. LANTOS', 'Mr. WOLF'])
52275.0;set(['Mr. BRIDENSTINE', 'Mr. WOLF', 'Mr. COHEN', 'Mr. CULBERSON', 'Mr. CARTWRIGHT', 'Mr. FATTAH', 'Mr. BROUN of Georgia', 'Mr. TONKO', 'Mr. GRIMM', 'Mr. GIBSON', 'Mr. CARNEY', 'Mr. FARR', 'Mr. REICHERT', 'Mr. BRALEY of Iowa', 'Mr. POLIS', 'Mr. LOWENTHAL', 'Mr. THOMPSON of California', 'Mr. POMPEO', 'Mr. PASCRELL', 'Mr. LYNCH', 'Mr. MCNERNEY', 'Mr. LANGEVIN', 'Mr. CICILLINE', 'Mr. GOODLATTE', 'Mr. HOLT', 'Mr. ROHRABACHER', 'Mr. WEBER of Texas', 'Mr. KING of Iowa', 'Mr. TIBERI', 'Mr. KILDEE', 'Mr. YOUNG of Indiana'])
37113.0;set(['Mr. SMITH of New Jersey', 'Mr. ENGLISH of Pennsylvania', 'Mr. LANTOS', 'Mr. WOLF'])
52324.0;set(['Mr. ROGERS of Michigan', 'Mr. WALBERG', 'Mr. AL GREEN of Texas', 'Mr. SIMPSON', 'Mr. POE of Texas', 'Mr. BISHOP of Utah'])
16979.0;set(['Mr. SMITH of New Hampshire', 'Mr. SPECTER', 'Mr. BENNETT', 'Mr. GRAMS', 'Mr. KERRY', 'Mr. DORGAN', 'Mr. CRAIG', 'Mr. MCCONNELL', 'Mr. BYRD', 'Mr. HOLLINGS', 'Mr. GRAMM', 'Mr. MOYNIHAN', 'Mr. ROTH', 'Mr. THOMPSON', 'Mr. THURMOND'])
13591.0;set(['Mr. ROTH', 'Mr. HELMS'])
11367.0;set(['Mr. RANGEL', 'Mr. GILMAN', 'Mr. VENTO', 'Mr. MOORE', 'Mr. WOLF', 'Mr. BONIOR', 'Mr. SHAYS', 'Mr. LEACH', 'Mr. POMEROY', 'Mr. PORTMAN', 'Mr. UDALL of Colorado', 'Mr. DOOLITTLE', 'Mr. DINGELL', 'Mr. PALLONE', 'Mr. FALEOMAVAEGA', 'Mr. ORTIZ', 'Mr. WAXMAN', 'Mr. MANZULLO', 'Mr. LAHOOD', 'Mr. DAVIS of Virginia', 'Mr. CHAMBLISS', 'Mr. THORNBERRY', 'Mr. GEJDENSON', 'Mr. BARRETT of Nebraska', 'Mr. WEYGAND', 'Mr. BISHOP', 'Mr. KNOLLENBERG', 'Mr. DICKS', 'Mr. LANTOS', 'Mr. DELAY', 'Mr. HASTERT', 'Mr. GALLEGLY', 'Mr. NORWOOD', 'Mr. NUSSLE', 'Mr. STARK', 'Mr. COMBEST', 'Mr. ARMEY', 'Mr. HUNTER', 'Mr. BERMAN', 'Mr. KUYKENDALL', 'Mr. TANCREDO', 'Mr. HEFLEY', 'Mr. BORSKI', 'Mr. PORTER', 'Mr. UNDERWOOD', 'Mr. SKELTON', 'Mr. WELDON of Florida', 'Mr. PAUL', 'Mr. MCGOVERN', 'Mr. CUNNINGHAM', 'Mr. STENHOLM', 'Mr. DIXON', 'Mr. CASTLE', 'Mr. CRANE'])
15903.0;set(['Mr. SMITH of New Hampshire', 'Mr. MOYNIHAN', 'Mr. ROBERTS', 'Mr. WELLSTONE', 'Mr. THOMPSON', 'Mr. LOTT', 'Mr. BYRD', 'Mr. HOLLINGS', 'Mr. GRAMM', 'Mr. THOMAS', 'Mr. ROTH', 'Mr. HELMS', 'Mr. ENZI'])
12877.0;set(['Mr. STEARNS', 'Mr. GILMAN', 'Mr. WOLF', 'Mr. BONIOR', 'Mr. KOLBE', 'Mr. ROEMER', 'Mr. TANCREDO', 'Mr. BASS', 'Mr. BROWN of OHIO', 'Mr. FOLEY', 'Mr. KUCINICH', 'Mr. DREIER', 'Mr. PASCRELL', 'Mr. LEVIN', 'Mr. MASCARA', 'Mr. STARK', 'Mr. VISCLOSKY', 'Mr. HUNTER', 'Mr. ROHRABACHER', 'Mr. BURR of North Carolina', 'Mr. ARCHER', 'Mr. PORTER', 'Mr. BEREUTER', 'Mr. BROWN of Ohio', 'Mr. LIPINSKI', 'Mr. CRANE'])
37046.0;set(['Mr. SMITH of New Jersey', 'Mr. LANTOS', 'Mr. ENGLISH of Pennsylvania'])
3860.0;set(['Mr. MURKOWSKI', 'Mr. GORTON', 'Mr. KERREY', 'Mr. BAUCUS', 'Mr. FITZGERALD', 'Mr. MCCAIN', 'Mr. LOTT', 'Mr. THOMAS'])
45559.0;set(['Mr. LEAHY', 'Mr. SCHUMER'])
15037.0;set(['Mr. SPECTER', 'Mr. GRAMS', 'Mr. ROBERTS', 'Mr. BAUCUS', 'Mr. CRAIG', 'Mr. SARBANES', 'Mr. THOMPSON', 'Mr. INHOFE', 'Mr. BYRD', 'Mr. ROTH', 'Mr. HELMS', 'Mr. ENZI', 'Mr. GRAHAM'])
52230.0;set(['Mr. COLLINS of Georgia', 'Mr. CASTRO of Texas', 'Mr. WOLF', 'Mr. SMITH of New Jersey', 'Mr. MCGOVERN', 'Mr. HASTINGS of Washington'])
36282.0;set(['Mr. OBAMA', 'Mr. REID', 'Mr. SPECTER', 'Mr. ISAKSON', 'Mr. KENNEDY', 'Mr. BINGAMAN', 'Mr. SMITH', 'Mr. MCCONNELL', 'Mr. DOMENICI', 'Mr. CHAMBLISS', 'Mr. SUNUNU', 'Mr. MENENDEZ', 'Mr. HARKIN', 'Mr. CONRAD', 'Mr. DURBIN', 'Mr. FRIST', 'Mr. VOINOVICH', 'Mr. BURNS', 'Mr. CHAFEE', 'Mr. CRAIG', 'Mr. KOHL', 'Mr. AKAKA', 'Mr. LAUTENBERG', 'Mr. SALAZAR', 'Mr. SCHUMER', 'Mr. DAYTON', 'Mr. ALLARD', 'Mr. GREGG', 'Mr. JEFFORDS', 'Mr. TALENT', 'Mr. BYRD', 'Mr. CARPER'])
1259.0;set(['Mr. GILMAN', 'Mr. DAVIS of Illinois', 'Mr. ACKERMAN', 'Mr. BEREUTER', 'Mr. BERMAN', 'Mr. ROHRABACHER', 'Mr. FALEOMAVAEGA', 'Mr. LANTOS'])
53539.0;set(['Mr. WHITEHOUSE', 'Mr. COONS', 'Mr. PORTMAN', 'Mr. MCCAIN', 'Mr. CORNYN', 'Mr. COTTON', 'Mr. WYDEN', 'Mr. BLUMENTHAL', 'Mr. SANDERS', 'Mr. ROUNDS', 'Mr. BENNET', 'Mr. ENZI', 'Mr. THUNE', 'Mr. RUBIO'])
37656.0;set(['Mr. REID', 'Mr. BINGAMAN', 'Mr. MARTINEZ', 'Mr. REED', 'Mr. THOMAS', 'Mr. DOMENICI', 'Mr. SESSIONS', 'Mr. BENNETT', 'Mr. SHELBY', 'Mr. MCCONNELL', 'Mr. LOTT', 'Mr. DURBIN', 'Mr. ALLARD', 'Mr. CRAIG', 'Mr. BOND', 'Mr. President', 'Mr. MENENDEZ', 'Mr. KYL', 'Mr. TALENT', 'Mr. DORGAN', 'Mr. COCHRAN', 'Mr. ALEXANDER'])
9685.0;set(['Mr. OWENS'])
2896.0;set(['Mr. SPENCE', 'Mr. LEACH', 'Mr. HOLT', 'Mr. OBEY'])
53412.0;set(['Mr. WHITEHOUSE', 'Mr. INHOFE', 'Mr. FRANKEN', 'Mr. CASEY', 'Mr. MANCHIN', 'Mr. BROWN', 'Mr. SANDERS', 'Mr. CORNYN', 'Mr. MARKEY', 'Mr. MENENDEZ'])
55629.0;set(['Mr. TILLIS', 'Mr. ROUNDS', 'Mr. CARDIN', 'Mr. GARDNER', 'Mr. COONS', 'Mr. BLUNT', 'Mr. DONNELLY', 'Mr. MERKLEY', 'Mr. MARKEY', 'Mr. LEE', 'Mr. MORAN', 'Mr. PERDUE', 'Mr. CASEY', 'Mr. CORNYN', 'Mr. MCCONNELL', 'Mr. WYDEN', 'Mr. PAUL', 'Mr. PETERS', 'Mr. HOEVEN', 'Mr. MENENDEZ', 'Mr. CORKER'])
3492.0;set(['Mr. GILMAN', 'Mr. MENENDEZ'])
40798.0;set(['Mr. GORDON of Tennessee', 'Mr. HALL of Texas'])
47002.0;set(['Mr. REID', 'Mr. SESSIONS', 'Mr. BAUCUS', 'Mr. VITTER', 'Mr. KOHL', 'Mr. BINGAMAN', 'Mr. CASEY', 'Mr. MERKLEY', 'Mr. BLUMENTHAL', 'Mr. SANDERS', 'Mr. COBURN', 'Mr. DURBIN', 'Mr. LEAHY'])
14041.0;set(['Mr. MOYNIHAN', 'Mr. GRAMS', 'Mr. FEINGOLD', 'Mr. CRAIG', 'Mr. BYRD', 'Mr. HOLLINGS'])
45756.0;set(['Mr. BROWN of Ohio', 'Mr. MCCONNELL', 'Mr. REID', 'Mr. CORKER'])
17225.0;set(['Mr. SMITH of New Hampshire', 'Mr. SPECTER', 'Mr. BENNETT', 'Mr. GRAMS', 'Mr. KERRY', 'Mr. DORGAN', 'Mr. CRAIG', 'Mr. MCCONNELL', 'Mr. BYRD', 'Mr. HOLLINGS', 'Mr. GRAMM', 'Mr. MOYNIHAN', 'Mr. ROTH', 'Mr. THOMPSON', 'Mr. THURMOND'])
27716.0;set(['Mr. FRIST', 'Mr. DORGAN', 'Mr. DASCHLE', 'Mr. REID', 'Mr. BIDEN', 'Mr. BURNS', 'Mr. SHELBY', 'Mr. ROBERTS', 'Mr. BAUCUS', 'Mr. HATCH', 'Mr. CHAMBLISS', 'Mr. LIEBERMAN', 'Mr. CONRAD', 'Mr. ROCKEFELLER', 'Mr. REED', 'Mr. COCHRAN', 'Mr. LEVIN', 'Mr. INOUYE', 'Mr. ENZI', 'Mr. CAMPBELL'])
24574.0;set(['Mr. TAUZIN', 'Mr. DEFAZIO', 'Mr. DINGELL'])
13809.0;set(['Mr. BAUCUS', 'Mr. WELLSTONE', 'Mr. ALLARD', 'Mr. GORTON'])
12611.0;set(['Mr. REID', 'Mr. LEVIN', 'Mr. BENNETT', 'Mr. INHOFE', 'Mr. BINGAMAN', 'Mr. THOMPSON', 'Mr. LOTT', 'Mr. BYRD', 'Mr. WARNER', 'Mr. SESSIONS', 'Mr. TORRICELLI'])
43635.0;set(['Mr. REID', 'Mr. FRANKEN', 'Mr. MCCAIN', 'Mr. BINGAMAN', 'Mr. REED', 'Mr. WARNER', 'Mr. ENZI', 'Mr. PRYOR', 'Mr. RISCH', 'Mr. CHAMBLISS', 'Mr. MCCONNELL', 'Mr. HARKIN', 'Mr. WICKER', 'Mr. DURBIN', 'Mr. THUNE', 'Mr. LEAHY', 'Mr. CARDIN', 'Mr. WYDEN', 'Mr. LAUTENBERG', 'Mr. ISAKSON', 'Mr. GREGG', 'Mr. CRAPO', 'Mr. SANDERS', 'Mr. BROWN of Ohio', 'Mr. ALEXANDER', 'Mr. JOHANNS'])
13010.0;set(['Mr. STEARNS', 'Mr. GILMAN', 'Mr. WOLF', 'Mr. BONIOR', 'Mr. KOLBE', 'Mr. ROEMER', 'Mr. TANCREDO', 'Mr. BASS', 'Mr. BROWN of OHIO', 'Mr. FOLEY', 'Mr. KUCINICH', 'Mr. DREIER', 'Mr. PASCRELL', 'Mr. LEVIN', 'Mr. MASCARA', 'Mr. STARK', 'Mr. VISCLOSKY', 'Mr. HUNTER', 'Mr. ROHRABACHER', 'Mr. BURR of North Carolina', 'Mr. ARCHER', 'Mr. PORTER', 'Mr. BEREUTER', 'Mr. BROWN of Ohio', 'Mr. LIPINSKI', 'Mr. CRANE'])
26129.0;set(['Mr. LEVIN', 'Mr. DASCHLE', 'Mr. REID', 'Mr. SESSIONS', 'Mr. INHOFE', 'Mr. KENNEDY', 'Mr. FEINGOLD', 'Mr. BIDEN', 'Mr. DOMENICI', 'Mr. BYRD', 'Mr. ENSIGN', 'Mr. REED', 'Mr. WARNER', 'Mr. DAYTON', 'Mr. GRAHAM of South Carolina', 'Mr. DURBIN', 'Mr. ALLARD', 'Mr. LEAHY'])
45573.0;set(['Mr. LEAHY', 'Mr. SCHUMER'])
10548.0;set(['Mr. RANGEL', 'Mr. CLEMENT', 'Mr. HILL of Montana', 'Mr. CALVERT', 'Mr. WATKINS', 'Mr. ENGLISH', 'Mr. WOLF', 'Mr. GEPHARDT', 'Mr. STUPAK', 'Mr. HAYES', 'Mr. TANCREDO', 'Mr. DOGGETT', 'Mr. OSE', 'Mr. MATSUI', 'Mr. HORN', 'Mr. WU', 'Mr. THOMAS', 'Mr. METCALF', 'Mr. BALDACCI', 'Mr. STRICKLAND', 'Mr. CONDIT', 'Mr. DAVIS of Florida', 'Mr. TIERNEY', 'Mr. MEEHAN', 'Mr. KANJORSKI', 'Mr. COOK', 'Mr. COYNE', 'Mr. HUNTER', 'Mr. CROWLEY', 'Mr. ENGEL', 'Mr. HERGER', 'Mr. TANNER', 'Mr. DICKS', 'Mr. FORD', 'Mr. CARDIN', 'Mr. BACHUS', 'Mr. LEVIN', 'Mr. BASS', 'Mr. DREIER', 'Mr. NORWOOD', 'Mr. GOODLATTE', 'Mr. STEARNS', 'Mr. BERRY', 'Mr. NETHERCUTT', 'Mr. HOLT', 'Mr. CAPUANO', 'Mr. ROEMER', 'Mr. CAMP', 'Mr. ROHRABACHER', 'Mr. OWENS', 'Mr. STARK', 'Mr. FARR of California', 'Mr. BECERRA', 'Mr. HOYER', 'Mr. ARCHER', 'Mr. SANFORD', 'Mr. SALMON', 'Mr. PORTMAN', 'Mr. EVANS', 'Mr. BEREUTER', 'Mr. DAVIS of Illinois', 'Mr. TURNER', 'Mr. LATHAM', 'Mr. CUNNINGHAM', 'Mr. BROWN of Ohio', 'Mr. ARMEY', 'Mr. LIPINSKI', 'Mr. GONZALEZ', 'Mr. CASTLE', 'Mr. NEY', 'Mr. CRANE'])
36930.0;set(['Mr. GENE GREEN of Texas', 'Mr. BARTLETT of Maryland', 'Mr. HASTINGS of Florida', 'Mr. BARTON of Texas', 'Mr. SHAYS', 'Mr. BARRETT of South Carolina', 'Mr. INSLEE', 'Mr. BASS', 'Mr. BLUMENAUER', 'Mr. UDALL of Colorado', 'Mr. GEORGE MILLER of California', 'Mr. PALLONE', 'Mr. SESSIONS', 'Mr. PEARCE', 'Mr. FARR', 'Mr. LANGEVIN', 'Mr. CROWLEY', 'Mr. MARKEY', 'Mr. KUCINICH', 'Mr. DREIER', 'Mr. OSBORNE', 'Mr. HAYES', 'Mr. LEVIN', 'Mr. NUNES', 'Mr. YOUNG of Alaska', 'Mr. STARK', 'Mr. CANTOR', 'Mr. RENZI', 'Mr. POMBO', 'Mr. SALAZAR', 'Mr. GIBBONS', 'Mr. OLVER', 'Mr. WELDON of Florida', 'Mr. BOEHLERT', 'Mr. GRIJALVA', 'Mr. CASTLE', 'Mr. HAYWORTH', 'Mr. KIND', 'Mr. BISHOP of New York', 'Mr. GILCHREST', 'Mr. HALL'])
33527.0;set(['Mr. OBAMA', 'Mr. SPECTER', 'Mr. HAGEL', 'Mr. BINGAMAN', 'Mr. MARTINEZ', 'Mr. BIDEN', 'Mr. BUNNING', 'Mr. DOMENICI', 'Mr. BURR', 'Mr. KYL', 'Mr. CHAMBLISS', 'Mr. BROWNBACK', 'Mr. SMITH', 'Mr. ENZI', 'Mr. JOHNSON', 'Mr. DURBIN', 'Mr. LEAHY', 'Mr. LEVIN', 'Mr. DODD', 'Mr. BAUCUS', 'Mr. CRAIG', 'Mr. KOHL', 'Mr. ALLARD', 'Mr. JEFFORDS', 'Mr. CORZINE', 'Mr. DORGAN', 'Mr. BYRD', 'Mr. DEWINE', 'Mr. CARPER', 'Mr. COLEMAN'])
4203.0;set(['Mr. RANGEL', 'Mr. WELLER', 'Mr. EWING', 'Mr. STEARNS', 'Mr. WOLF', 'Mr. BONIOR', 'Mr. KOLBE', 'Mr. SHAYS', 'Mr. HOUGHTON', 'Mr. GILMAN', 'Mr. TANCREDO', 'Mr. FRELINGHUYSEN', 'Mr. TRAFICANT', 'Mr. BLUMENAUER', 'Mr. COBURN', 'Mr. WU', 'Mr. FALEOMAVAEGA', 'Mr. LEWIS of Georgia', 'Mr. GREEN of Texas', 'Mr. DAVIS of Florida', 'Mr. HUNTER', 'Mr. KLECZKA', 'Mr. CALVERT', 'Mr. BURTON of Indiana', 'Mr. MARKEY', 'Mr. EDWARDS', 'Mr. KUCINICH', 'Mr. KNOLLENBERG', 'Mr. BERRY', 'Mr. OXLEY', 'Mr. DICKS', 'Mr. LANTOS', 'Mr. GEPHARDT', 'Mr. PAUL', 'Mr. TOOMEY', 'Mr. CARDIN', 'Mr. PASCRELL', 'Mr. LEVIN', 'Mr. DREIER', 'Mr. NUSSLE', 'Mr. BENTSEN', 'Mr. GANSKE', 'Mr. STARK', 'Mr. DOYLE', 'Mr. COMBEST', 'Mr. ROEMER', 'Mr. ROHRABACHER', 'Mr. BECERRA', 'Mr. ARCHER', 'Mr. KASICH', 'Mr. OSE', 'Mr. ALLEN', 'Mr. PORTMAN', 'Mr. PITTS', 'Mr. BEREUTER', 'Mr. SANDERS', 'Mr. STENHOLM', 'Mr. SHAW', 'Mr. UNDERWOOD', 'Mr. LIPINSKI', 'Mr. SALMON', 'Mr. COX', 'Mr. HOYER', 'Mr. CRANE'])
4598.0;set(['Mr. RANGEL', 'Mr. WELLER', 'Mr. EWING', 'Mr. STEARNS', 'Mr. WOLF', 'Mr. BONIOR', 'Mr. KOLBE', 'Mr. SHAYS', 'Mr. HOUGHTON', 'Mr. GILMAN', 'Mr. TANCREDO', 'Mr. FRELINGHUYSEN', 'Mr. TRAFICANT', 'Mr. BLUMENAUER', 'Mr. COBURN', 'Mr. WU', 'Mr. FALEOMAVAEGA', 'Mr. LEWIS of Georgia', 'Mr. GREEN of Texas', 'Mr. DAVIS of Florida', 'Mr. HUNTER', 'Mr. KLECZKA', 'Mr. CALVERT', 'Mr. BURTON of Indiana', 'Mr. MARKEY', 'Mr. EDWARDS', 'Mr. KUCINICH', 'Mr. KNOLLENBERG', 'Mr. BERRY', 'Mr. OXLEY', 'Mr. DICKS', 'Mr. LANTOS', 'Mr. GEPHARDT', 'Mr. PAUL', 'Mr. TOOMEY', 'Mr. CARDIN', 'Mr. PASCRELL', 'Mr. LEVIN', 'Mr. DREIER', 'Mr. NUSSLE', 'Mr. BENTSEN', 'Mr. GANSKE', 'Mr. STARK', 'Mr. DOYLE', 'Mr. COMBEST', 'Mr. ROEMER', 'Mr. ROHRABACHER', 'Mr. BECERRA', 'Mr. ARCHER', 'Mr. KASICH', 'Mr. OSE', 'Mr. ALLEN', 'Mr. PORTMAN', 'Mr. PITTS', 'Mr. BEREUTER', 'Mr. SANDERS', 'Mr. STENHOLM', 'Mr. SHAW', 'Mr. UNDERWOOD', 'Mr. LIPINSKI', 'Mr. SALMON', 'Mr. COX', 'Mr. HOYER', 'Mr. CRANE'])
54701.0;set(['Mr. REID', 'Mr. BLUNT', 'Mr. SASSE', 'Mr. LANKFORD', 'Mr. SCOTT', 'Mr. MCCAIN', 'Mr. CORNYN', 'Mr. MCCONNELL', 'Mr. MURPHY', 'Mr. WICKER', 'Mr. HOEVEN', 'Mr. LEAHY', 'Mr. DURBIN', 'Mr. COATS', 'Mr. CORKER'])
39734.0;set(['Mr. INHOFE', 'Mr. BURRIS', 'Mr. ENZI', 'Mr. GRAHAM'])
6949.0;set(['Mr. BIDEN', 'Mr. GORTON', 'Mr. KYL', 'Mr. SHELBY', 'Mr. HELMS', 'Mr. LOTT', 'Mr. LIEBERMAN', 'Mr. COCHRAN', 'Mr. LEVIN'])
10432.0;set(['Mr. RANGEL', 'Mr. CLEMENT', 'Mr. HILL of Montana', 'Mr. CALVERT', 'Mr. WATKINS', 'Mr. ENGLISH', 'Mr. WOLF', 'Mr. GEPHARDT', 'Mr. STUPAK', 'Mr. HAYES', 'Mr. TANCREDO', 'Mr. DOGGETT', 'Mr. OSE', 'Mr. MATSUI', 'Mr. HORN', 'Mr. WU', 'Mr. THOMAS', 'Mr. METCALF', 'Mr. BALDACCI', 'Mr. STRICKLAND', 'Mr. CONDIT', 'Mr. DAVIS of Florida', 'Mr. TIERNEY', 'Mr. MEEHAN', 'Mr. KANJORSKI', 'Mr. COOK', 'Mr. COYNE', 'Mr. HUNTER', 'Mr. CROWLEY', 'Mr. ENGEL', 'Mr. HERGER', 'Mr. TANNER', 'Mr. DICKS', 'Mr. FORD', 'Mr. CARDIN', 'Mr. BACHUS', 'Mr. LEVIN', 'Mr. BASS', 'Mr. DREIER', 'Mr. NORWOOD', 'Mr. GOODLATTE', 'Mr. STEARNS', 'Mr. BERRY', 'Mr. NETHERCUTT', 'Mr. HOLT', 'Mr. CAPUANO', 'Mr. ROEMER', 'Mr. CAMP', 'Mr. ROHRABACHER', 'Mr. OWENS', 'Mr. STARK', 'Mr. FARR of California', 'Mr. BECERRA', 'Mr. HOYER', 'Mr. ARCHER', 'Mr. SANFORD', 'Mr. SALMON', 'Mr. PORTMAN', 'Mr. EVANS', 'Mr. BEREUTER', 'Mr. DAVIS of Illinois', 'Mr. TURNER', 'Mr. LATHAM', 'Mr. CUNNINGHAM', 'Mr. BROWN of Ohio', 'Mr. ARMEY', 'Mr. LIPINSKI', 'Mr. GONZALEZ', 'Mr. CASTLE', 'Mr. NEY', 'Mr. CRANE'])
21579.0;set(['Mr. SERRANO', 'Mr. WOLF'])
10974.0;set(['Mr. RANGEL', 'Mr. GILMAN', 'Mr. VENTO', 'Mr. MOORE', 'Mr. WOLF', 'Mr. BONIOR', 'Mr. SHAYS', 'Mr. LEACH', 'Mr. POMEROY', 'Mr. PORTMAN', 'Mr. UDALL of Colorado', 'Mr. DOOLITTLE', 'Mr. DINGELL', 'Mr. PALLONE', 'Mr. FALEOMAVAEGA', 'Mr. ORTIZ', 'Mr. WAXMAN', 'Mr. MANZULLO', 'Mr. LAHOOD', 'Mr. DAVIS of Virginia', 'Mr. CHAMBLISS', 'Mr. THORNBERRY', 'Mr. GEJDENSON', 'Mr. BARRETT of Nebraska', 'Mr. WEYGAND', 'Mr. BISHOP', 'Mr. KNOLLENBERG', 'Mr. DICKS', 'Mr. LANTOS', 'Mr. DELAY', 'Mr. HASTERT', 'Mr. GALLEGLY', 'Mr. NORWOOD', 'Mr. NUSSLE', 'Mr. STARK', 'Mr. COMBEST', 'Mr. ARMEY', 'Mr. HUNTER', 'Mr. BERMAN', 'Mr. KUYKENDALL', 'Mr. TANCREDO', 'Mr. HEFLEY', 'Mr. BORSKI', 'Mr. PORTER', 'Mr. UNDERWOOD', 'Mr. SKELTON', 'Mr. WELDON of Florida', 'Mr. PAUL', 'Mr. MCGOVERN', 'Mr. CUNNINGHAM', 'Mr. STENHOLM', 'Mr. DIXON', 'Mr. CASTLE', 'Mr. CRANE'])
22394.0;set(['Mr. KOLBE', 'Mr. KINGSTON', 'Mr. INSLEE'])
49739.0;set(['Mr. DREIER', 'Mr. SESSIONS', 'Mr. MCGOVERN'])
36871.0;set(['Mr. SPECTER', 'Mr. BOND', 'Mr. SESSIONS', 'Mr. CHAMBLISS', 'Mr. KENNEDY', 'Mr. CRAIG', 'Mr. BINGAMAN', 'Mr. MCCONNELL', 'Mr. HARKIN', 'Mr. BYRD', 'Mr. ENSIGN', 'Mr. FRIST', 'Mr. FEINSTEIN', 'Mr. WARNER', 'Mr. LEVIN', 'Mr. GREGG', 'Mr. LEAHY'])
52275.0;set(['Mr. BRIDENSTINE', 'Mr. WOLF', 'Mr. COHEN', 'Mr. CULBERSON', 'Mr. CARTWRIGHT', 'Mr. FATTAH', 'Mr. BROUN of Georgia', 'Mr. TONKO', 'Mr. GRIMM', 'Mr. GIBSON', 'Mr. CARNEY', 'Mr. FARR', 'Mr. REICHERT', 'Mr. BRALEY of Iowa', 'Mr. POLIS', 'Mr. LOWENTHAL', 'Mr. THOMPSON of California', 'Mr. POMPEO', 'Mr. PASCRELL', 'Mr. LYNCH', 'Mr. MCNERNEY', 'Mr. LANGEVIN', 'Mr. CICILLINE', 'Mr. GOODLATTE', 'Mr. HOLT', 'Mr. ROHRABACHER', 'Mr. WEBER of Texas', 'Mr. KING of Iowa', 'Mr. TIBERI', 'Mr. KILDEE', 'Mr. YOUNG of Indiana'])
37113.0;set(['Mr. SMITH of New Jersey', 'Mr. ENGLISH of Pennsylvania', 'Mr. LANTOS', 'Mr. WOLF'])
52324.0;set(['Mr. ROGERS of Michigan', 'Mr. WALBERG', 'Mr. AL GREEN of Texas', 'Mr. SIMPSON', 'Mr. POE of Texas', 'Mr. BISHOP of Utah'])
16979.0;set(['Mr. SMITH of New Hampshire', 'Mr. SPECTER', 'Mr. BENNETT', 'Mr. GRAMS', 'Mr. KERRY', 'Mr. DORGAN', 'Mr. CRAIG', 'Mr. MCCONNELL', 'Mr. BYRD', 'Mr. HOLLINGS', 'Mr. GRAMM', 'Mr. MOYNIHAN', 'Mr. ROTH', 'Mr. THOMPSON', 'Mr. THURMOND'])
13591.0;set(['Mr. ROTH', 'Mr. HELMS'])
11367.0;set(['Mr. RANGEL', 'Mr. GILMAN', 'Mr. VENTO', 'Mr. MOORE', 'Mr. WOLF', 'Mr. BONIOR', 'Mr. SHAYS', 'Mr. LEACH', 'Mr. POMEROY', 'Mr. PORTMAN', 'Mr. UDALL of Colorado', 'Mr. DOOLITTLE', 'Mr. DINGELL', 'Mr. PALLONE', 'Mr. FALEOMAVAEGA', 'Mr. ORTIZ', 'Mr. WAXMAN', 'Mr. MANZULLO', 'Mr. LAHOOD', 'Mr. DAVIS of Virginia', 'Mr. CHAMBLISS', 'Mr. THORNBERRY', 'Mr. GEJDENSON', 'Mr. BARRETT of Nebraska', 'Mr. WEYGAND', 'Mr. BISHOP', 'Mr. KNOLLENBERG', 'Mr. DICKS', 'Mr. LANTOS', 'Mr. DELAY', 'Mr. HASTERT', 'Mr. GALLEGLY', 'Mr. NORWOOD', 'Mr. NUSSLE', 'Mr. STARK', 'Mr. COMBEST', 'Mr. ARMEY', 'Mr. HUNTER', 'Mr. BERMAN', 'Mr. KUYKENDALL', 'Mr. TANCREDO', 'Mr. HEFLEY', 'Mr. BORSKI', 'Mr. PORTER', 'Mr. UNDERWOOD', 'Mr. SKELTON', 'Mr. WELDON of Florida', 'Mr. PAUL', 'Mr. MCGOVERN', 'Mr. CUNNINGHAM', 'Mr. STENHOLM', 'Mr. DIXON', 'Mr. CASTLE', 'Mr. CRANE'])
15903.0;set(['Mr. SMITH of New Hampshire', 'Mr. MOYNIHAN', 'Mr. ROBERTS', 'Mr. WELLSTONE', 'Mr. THOMPSON', 'Mr. LOTT', 'Mr. BYRD', 'Mr. HOLLINGS', 'Mr. GRAMM', 'Mr. THOMAS', 'Mr. ROTH', 'Mr. HELMS', 'Mr. ENZI'])
12877.0;set(['Mr. STEARNS', 'Mr. GILMAN', 'Mr. WOLF', 'Mr. BONIOR', 'Mr. KOLBE', 'Mr. ROEMER', 'Mr. TANCREDO', 'Mr. BASS', 'Mr. BROWN of OHIO', 'Mr. FOLEY', 'Mr. KUCINICH', 'Mr. DREIER', 'Mr. PASCRELL', 'Mr. LEVIN', 'Mr. MASCARA', 'Mr. STARK', 'Mr. VISCLOSKY', 'Mr. HUNTER', 'Mr. ROHRABACHER', 'Mr. BURR of North Carolina', 'Mr. ARCHER', 'Mr. PORTER', 'Mr. BEREUTER', 'Mr. BROWN of Ohio', 'Mr. LIPINSKI', 'Mr. CRANE'])
37046.0;set(['Mr. SMITH of New Jersey', 'Mr. LANTOS', 'Mr. ENGLISH of Pennsylvania'])
52275.0;set(["(u'Mr. TONKO'", "(u'Mr. KILDEE'", "(u'Mr. THOMPSON of California'", "(u'Mr. FARR'", "(u'Mr. POLIS'", "(u'Mr. KING of Iowa'", "(u'Mr. GIBSON'", "(u'Mr. BRALEY of Iowa'", "(u'Mr. LOWENTHAL'", "(u'Mr. WEBER of Texas'", "(u'Mr. GOODLATTE'", "(u'Mr. WOLF'", "(u'Mr. MCNERNEY'", "(u'Mr. CARNEY'", "(u'Mr. YOUNG of Indiana'", "(u'Mr. CARTWRIGHT'", "(u'Mr. REICHERT'", "(u'Mr. CULBERSON'", "(u'Mr. POMPEO'", "(u'Mr. LYNCH'", "(u'Mr. BROUN of Georgia'", "(u'Mr. LANGEVIN'", "(u'Mr. PASCRELL'", "(u'Mr. TIBERI'", "(u'Mr. CICILLINE'", "(u'Mr. BRIDENSTINE'", "(u'Mr. COHEN'", "(u'Mr. GRIMM'", "(u'Mr. FATTAH'", "(u'Mr. ROHRABACHER'", "(u'Mr. HOLT'"])
37113.0;set(["(u'Mr. SMITH of New Jersey'", "(u'Mr. LANTOS'", "(u'Mr. ENGLISH of Pennsylvania'", "(u'Mr. WOLF'"])
52324.0;set(["(u'Mr. WALBERG'", "(u'Mr. SIMPSON'", "(u'Mr. POE of Texas'", "(u'Mr. ROGERS of Michigan'", "(u'Mr. AL GREEN of Texas'", "(u'Mr. BISHOP of Utah'"])
16979.0;set(["(u'Mr. MCCONNELL'", "(u'Mr. KERRY'", "(u'Mr. SPECTER'", "(u'Mr. THURMOND'", "(u'Mr. GRAMS'", "(u'Mr. HOLLINGS'", "(u'Mr. GRAMM'", "(u'Mr. MOYNIHAN'", "(u'Mr. BYRD'", "(u'Mr. DORGAN'", "(u'Mr. SMITH of New Hampshire'", "(u'Mr. BENNETT'", "(u'Mr. ROTH'", "(u'Mr. THOMPSON'", "(u'Mr. CRAIG'"])
13591.0;set(["(u'Mr. HELMS'", "(u'Mr. ROTH'"])
11367.0;set(["(u'Mr. THORNBERRY'", "(u'Mr. WOLF'", "(u'Mr. SKELTON'", "(u'Mr. CRANE'", "(u'Mr. LEACH'", "(u'Mr. WELDON of Florida'", "(u'Mr. KNOLLENBERG'", "(u'Mr. VENTO'", "(u'Mr. FALEOMAVAEGA'", "(u'Mr. LAHOOD'", "(u'Mr. HASTERT'", "(u'Mr. ORTIZ'", "(u'Mr. GEJDENSON'", "(u'Mr. MCGOVERN'", "(u'Mr. GALLEGLY'", "(u'Mr. BERMAN'", "(u'Mr. NUSSLE'", "(u'Mr. SHAYS'", "(u'Mr. KUYKENDALL'", "(u'Mr. STENHOLM'", "(u'Mr. BORSKI'", "(u'Mr. MANZULLO'", "(u'Mr. GILMAN'", "(u'Mr. DICKS'", "(u'Mr. PALLONE'", "(u'Mr. STARK'", "(u'Mr. DINGELL'", "(u'Mr. UDALL of Colorado'", "(u'Mr. TANCREDO'", "(u'Mr. ARMEY'", "(u'Mr. HUNTER'", "(u'Mr. BARRETT of Nebraska'", "(u'Mr. LANTOS'", "(u'Mr. CASTLE'", "(u'Mr. PORTMAN'", "(u'Mr. WEYGAND'", "(u'Mr. DAVIS of Virginia'", "(u'Mr. CHAMBLISS'", "(u'Mr. UNDERWOOD'", "(u'Mr. PAUL'", "(u'Mr. BISHOP'", "(u'Mr. CUNNINGHAM'", "(u'Mr. COMBEST'", "(u'Mr. NORWOOD'", "(u'Mr. POMEROY'", "(u'Mr. DOOLITTLE'", "(u'Mr. HEFLEY'", "(u'Mr. WAXMAN'", "(u'Mr. PORTER'", "(u'Mr. BONIOR'", "(u'Mr. DIXON'", "(u'Mr. DELAY'", "(u'Mr. RANGEL'", "(u'Mr. MOORE'"])
15903.0;set(["(u'Mr. LOTT'", "(u'Mr. WELLSTONE'", "(u'Mr. BYRD'", "(u'Mr. HOLLINGS'", "(u'Mr. GRAMM'", "(u'Mr. ROBERTS'", "(u'Mr. MOYNIHAN'", "(u'Mr. THOMAS'", "(u'Mr. ENZI'", "(u'Mr. SMITH of New Hampshire'", "(u'Mr. HELMS'", "(u'Mr. ROTH'", "(u'Mr. THOMPSON'"])
12877.0;set(["(u'Mr. WOLF'", "(u'Mr. GILMAN'", "(u'Mr. STEARNS'", "(u'Mr. BEREUTER'", "(u'Mr. LIPINSKI'", "(u'Mr. KUCINICH'", "(u'Mr. BASS'", "(u'Mr. BROWN of OHIO'", "(u'Mr. CRANE'", "(u'Mr. BROWN of Ohio'", "(u'Mr. STARK'", "(u'Mr. TANCREDO'", "(u'Mr. FOLEY'", "(u'Mr. LEVIN'", "(u'Mr. ARCHER'", "(u'Mr. PASCRELL'", "(u'Mr. MASCARA'", "(u'Mr. VISCLOSKY'", "(u'Mr. PORTER'", "(u'Mr. KOLBE'", "(u'Mr. BONIOR'", "(u'Mr. HUNTER'", "(u'Mr. ROHRABACHER'", "(u'Mr. ROEMER'", "(u'Mr. BURR of North Carolina'", "(u'Mr. DREIER'"])
37046.0;set(["(u'Mr. SMITH of New Jersey'", "(u'Mr. LANTOS'", "(u'Mr. ENGLISH of Pennsylvania'"])
3860.0;set(["(u'Mr. LOTT'", "(u'Mr. BAUCUS'", "(u'Mr. GORTON'", "(u'Mr. KERREY'", "(u'Mr. THOMAS'", "(u'Mr. MURKOWSKI'", "(u'Mr. FITZGERALD'", "(u'Mr. MCCAIN'"])
45559.0;set(["(u'Mr. LEAHY'", "(u'Mr. SCHUMER'"])
15037.0;set(["(u'Mr. SPECTER'", "(u'Mr. BAUCUS'", "(u'Mr. CRAIG'", "(u'Mr. ROBERTS'", "(u'Mr. INHOFE'", "(u'Mr. SARBANES'", "(u'Mr. ENZI'", "(u'Mr. GRAHAM'", "(u'Mr. GRAMS'", "(u'Mr. HELMS'", "(u'Mr. ROTH'", "(u'Mr. THOMPSON'", "(u'Mr. BYRD'"])
52230.0;set(["(u'Mr. WOLF'", "(u'Mr. SMITH of New Jersey'", "(u'Mr. HASTINGS of Washington'", "(u'Mr. CASTRO of Texas'", "(u'Mr. MCGOVERN'", "(u'Mr. COLLINS of Georgia'"])
36282.0;set(["(u'Mr. DOMENICI'", "(u'Mr. SPECTER'", "(u'Mr. SMITH'", "(u'Mr. REID'", "(u'Mr. OBAMA'", "(u'Mr. DURBIN'", "(u'Mr. MCCONNELL'", "(u'Mr. VOINOVICH'", "(u'Mr. BYRD'", "(u'Mr. DAYTON'", "(u'Mr. FRIST'", "(u'Mr. KENNEDY'", "(u'Mr. ALLARD'", "(u'Mr. GREGG'", "(u'Mr. CARPER'", "(u'Mr. HARKIN'", "(u'Mr. SALAZAR'", "(u'Mr. MENENDEZ'", "(u'Mr. BURNS'", "(u'Mr. CHAFEE'", "(u'Mr. JEFFORDS'", "(u'Mr. CONRAD'", "(u'Mr. CHAMBLISS'", "(u'Mr. SUNUNU'", "(u'Mr. AKAKA'", "(u'Mr. LAUTENBERG'", "(u'Mr. KOHL'", "(u'Mr. CRAIG'", "(u'Mr. TALENT'", "(u'Mr. BINGAMAN'", "(u'Mr. ISAKSON'", "(u'Mr. SCHUMER'"])
1259.0;set(["(u'Mr. GILMAN'", "(u'Mr. LANTOS'", "(u'Mr. ACKERMAN'", "(u'Mr. FALEOMAVAEGA'", "(u'Mr. BEREUTER'", "(u'Mr. ROHRABACHER'", "(u'Mr. DAVIS of Illinois'", "(u'Mr. BERMAN'"])
53539.0;set(["(u'Mr. COONS'", "(u'Mr. BLUMENTHAL'", "(u'Mr. CORNYN'", "(u'Mr. COTTON'", "(u'Mr. RUBIO'", "(u'Mr. ROUNDS'", "(u'Mr. WYDEN'", "(u'Mr. PORTMAN'", "(u'Mr. THUNE'", "(u'Mr. BENNET'", "(u'Mr. ENZI'", "(u'Mr. SANDERS'", "(u'Mr. MCCAIN'", "(u'Mr. WHITEHOUSE'"])
37656.0;set(["(u'Mr. DOMENICI'", "(u'Mr. REID'", "(u'Mr. DURBIN'", "(u'Mr. SESSIONS'", "(u'Mr. THOMAS'", "(u'Mr. BINGAMAN'", "(u'Mr. ALLARD'", "(u'Mr. BENNETT'", "(u'Mr. LOTT'", "(u'Mr. MENENDEZ'", "(u'Mr. President'", "(u'Mr. DORGAN'", "(u'Mr. KYL'", "(u'Mr. ALEXANDER'", "(u'Mr. SHELBY'", "(u'Mr. MCCONNELL'", "(u'Mr. BOND'", "(u'Mr. CRAIG'", "(u'Mr. MARTINEZ'", "(u'Mr. TALENT'", "(u'Mr. COCHRAN'", "(u'Mr. REED'"])
9685.0;set(["(u'Mr. OWENS'"])
2896.0;set(["(u'Mr. SPENCE'", "(u'Mr. OBEY'", "(u'Mr. LEACH'", "(u'Mr. HOLT'"])
53412.0;set(["(u'Mr. MENENDEZ'", "(u'Mr. CORNYN'", "(u'Mr. CASEY'", "(u'Mr. MANCHIN'", "(u'Mr. FRANKEN'", "(u'Mr. BROWN'", "(u'Mr. MARKEY'", "(u'Mr. SANDERS'", "(u'Mr. INHOFE'", "(u'Mr. WHITEHOUSE'"])
55629.0;set(["(u'Mr. MORAN'", "(u'Mr. GARDNER'", "(u'Mr. WYDEN'", "(u'Mr. PETERS'", "(u'Mr. MENENDEZ'", "(u'Mr. CORNYN'", "(u'Mr. MERKLEY'", "(u'Mr. MARKEY'", "(u'Mr. DONNELLY'", "(u'Mr. CASEY'", "(u'Mr. COONS'", "(u'Mr. BLUNT'", "(u'Mr. LEE'", "(u'Mr. MCCONNELL'", "(u'Mr. CARDIN'", "(u'Mr. CORKER'", "(u'Mr. TILLIS'", "(u'Mr. HOEVEN'", "(u'Mr. PERDUE'", "(u'Mr. PAUL'", "(u'Mr. ROUNDS'"])
3492.0;set(["(u'Mr. GILMAN'", "(u'Mr. MENENDEZ'"])
40798.0;set(["(u'Mr. GORDON of Tennessee'", "(u'Mr. HALL of Texas'"])
47002.0;set(["(u'Mr. BLUMENTHAL'", "(u'Mr. KOHL'", "(u'Mr. MERKLEY'", "(u'Mr. CASEY'", "(u'Mr. LEAHY'", "(u'Mr. BAUCUS'", "(u'Mr. REID'", "(u'Mr. DURBIN'", "(u'Mr. SESSIONS'", "(u'Mr. BINGAMAN'", "(u'Mr. COBURN'", "(u'Mr. SANDERS'", "(u'Mr. VITTER'"])
14041.0;set(["(u'Mr. FEINGOLD'", "(u'Mr. BYRD'", "(u'Mr. GRAMS'", "(u'Mr. HOLLINGS'", "(u'Mr. MOYNIHAN'", "(u'Mr. CRAIG'"])
45756.0;set(["(u'Mr. MCCONNELL'", "(u'Mr. BROWN of Ohio'", "(u'Mr. REID'", "(u'Mr. CORKER'"])
17225.0;set(["(u'Mr. MCCONNELL'", "(u'Mr. KERRY'", "(u'Mr. SPECTER'", "(u'Mr. THURMOND'", "(u'Mr. GRAMS'", "(u'Mr. HOLLINGS'", "(u'Mr. GRAMM'", "(u'Mr. MOYNIHAN'", "(u'Mr. BYRD'", "(u'Mr. DORGAN'", "(u'Mr. SMITH of New Hampshire'", "(u'Mr. BENNETT'", "(u'Mr. ROTH'", "(u'Mr. THOMPSON'", "(u'Mr. CRAIG'"])
27716.0;set(["(u'Mr. ROCKEFELLER'", "(u'Mr. FRIST'", "(u'Mr. BAUCUS'", "(u'Mr. REID'", "(u'Mr. BURNS'", "(u'Mr. LIEBERMAN'", "(u'Mr. BIDEN'", "(u'Mr. CAMPBELL'", "(u'Mr. LEVIN'", "(u'Mr. CHAMBLISS'", "(u'Mr. COCHRAN'", "(u'Mr. DASCHLE'", "(u'Mr. ENZI'", "(u'Mr. ROBERTS'", "(u'Mr. REED'", "(u'Mr. DORGAN'", "(u'Mr. INOUYE'", "(u'Mr. CONRAD'", "(u'Mr. SHELBY'", "(u'Mr. HATCH'"])
24574.0;set(["(u'Mr. DEFAZIO'", "(u'Mr. DINGELL'", "(u'Mr. TAUZIN'"])
13809.0;set(["(u'Mr. WELLSTONE'", "(u'Mr. ALLARD'", "(u'Mr. GORTON'", "(u'Mr. BAUCUS'"])
12611.0;set(["(u'Mr. TORRICELLI'", "(u'Mr. BYRD'", "(u'Mr. REID'", "(u'Mr. LEVIN'", "(u'Mr. BENNETT'", "(u'Mr. BINGAMAN'", "(u'Mr. LOTT'", "(u'Mr. INHOFE'", "(u'Mr. SESSIONS'", "(u'Mr. THOMPSON'", "(u'Mr. WARNER'"])
43635.0;set(["(u'Mr. BROWN of Ohio'", "(u'Mr. JOHANNS'", "(u'Mr. DURBIN'", "(u'Mr. THUNE'", "(u'Mr. MCCONNELL'", "(u'Mr. ENZI'", "(u'Mr. GREGG'", "(u'Mr. CARDIN'", "(u'Mr. REID'", "(u'Mr. ISAKSON'", "(u'Mr. HARKIN'", "(u'Mr. LEAHY'", "(u'Mr. CRAPO'", "(u'Mr. PRYOR'", "(u'Mr. ALEXANDER'", "(u'Mr. SANDERS'", "(u'Mr. CHAMBLISS'", "(u'Mr. WICKER'", "(u'Mr. WARNER'", "(u'Mr. RISCH'", "(u'Mr. WYDEN'", "(u'Mr. LAUTENBERG'", "(u'Mr. FRANKEN'", "(u'Mr. BINGAMAN'", "(u'Mr. REED'", "(u'Mr. MCCAIN'"])
13010.0;set(["(u'Mr. WOLF'", "(u'Mr. GILMAN'", "(u'Mr. STEARNS'", "(u'Mr. BEREUTER'", "(u'Mr. LIPINSKI'", "(u'Mr. KUCINICH'", "(u'Mr. BASS'", "(u'Mr. BROWN of OHIO'", "(u'Mr. CRANE'", "(u'Mr. BROWN of Ohio'", "(u'Mr. STARK'", "(u'Mr. TANCREDO'", "(u'Mr. FOLEY'", "(u'Mr. LEVIN'", "(u'Mr. ARCHER'", "(u'Mr. PASCRELL'", "(u'Mr. MASCARA'", "(u'Mr. VISCLOSKY'", "(u'Mr. PORTER'", "(u'Mr. KOLBE'", "(u'Mr. BONIOR'", "(u'Mr. HUNTER'", "(u'Mr. ROHRABACHER'", "(u'Mr. ROEMER'", "(u'Mr. BURR of North Carolina'", "(u'Mr. DREIER'"])
26129.0;set(["(u'Mr. REED'", "(u'Mr. FEINGOLD'", "(u'Mr. DAYTON'", "(u'Mr. DOMENICI'", "(u'Mr. BYRD'", "(u'Mr. LEAHY'", "(u'Mr. ALLARD'", "(u'Mr. REID'", "(u'Mr. KENNEDY'", "(u'Mr. DURBIN'", "(u'Mr. LEVIN'", "(u'Mr. SESSIONS'", "(u'Mr. BIDEN'", "(u'Mr. DASCHLE'", "(u'Mr. GRAHAM of South Carolina'", "(u'Mr. ENSIGN'", "(u'Mr. INHOFE'", "(u'Mr. WARNER'"])
45573.0;set(["(u'Mr. LEAHY'", "(u'Mr. SCHUMER'"])
10548.0;set(["(u'Mr. LATHAM'", "(u'Mr. HILL of Montana'", "(u'Mr. CROWLEY'", "(u'Mr. WOLF'", "(u'Mr. CRANE'", "(u'Mr. STEARNS'", "(u'Mr. BECERRA'", "(u'Mr. ENGEL'", "(u'Mr. ENGLISH'", "(u'Mr. THOMAS'", "(u'Mr. MEEHAN'", "(u'Mr. BEREUTER'", "(u'Mr. LIPINSKI'", "(u'Mr. METCALF'", "(u'Mr. DAVIS of Illinois'", "(u'Mr. MATSUI'", "(u'Mr. CAMP'", "(u'Mr. GOODLATTE'", "(u'Mr. BASS'", "(u'Mr. CLEMENT'", "(u'Mr. CALVERT'", "(u'Mr. NEY'", "(u'Mr. NETHERCUTT'", "(u'Mr. OSE'", "(u'Mr. TIERNEY'", "(u'Mr. TANNER'", "(u'Mr. CARDIN'", "(u'Mr. FORD'", "(u'Mr. HOYER'", "(u'Mr. BROWN of Ohio'", "(u'Mr. STARK'", "(u'Mr. BERRY'", "(u'Mr. ARMEY'", "(u'Mr. ROEMER'", "(u'Mr. HORN'", "(u'Mr. KANJORSKI'", "(u'Mr. HUNTER'", "(u'Mr. COYNE'", "(u'Mr. BALDACCI'", "(u'Mr. WATKINS'", "(u'Mr. CASTLE'", "(u'Mr. HAYES'", "(u'Mr. EVANS'", "(u'Mr. LEVIN'", "(u'Mr. PORTMAN'", "(u'Mr. SANFORD'", "(u'Mr. OWENS'", "(u'Mr. CONDIT'", "(u'Mr. ARCHER'", "(u'Mr. TURNER'", "(u'Mr. DICKS'", "(u'Mr. COOK'", "(u'Mr. FARR of California'", "(u'Mr. CUNNINGHAM'", "(u'Mr. NORWOOD'", "(u'Mr. STRICKLAND'", "(u'Mr. DREIER'", "(u'Mr. GEPHARDT'", "(u'Mr. BACHUS'", "(u'Mr. GONZALEZ'", "(u'Mr. DAVIS of Florida'", "(u'Mr. WU'", "(u'Mr. CAPUANO'", "(u'Mr. TANCREDO'", "(u'Mr. ROHRABACHER'", "(u'Mr. RANGEL'", "(u'Mr. DOGGETT'", "(u'Mr. SALMON'", "(u'Mr. HOLT'", "(u'Mr. STUPAK'", "(u'Mr. HERGER'"])
36930.0;set(["(u'Mr. NUNES'", "(u'Mr. CROWLEY'", "(u'Mr. GENE GREEN of Texas'", "(u'Mr. OLVER'", "(u'Mr. WELDON of Florida'", "(u'Mr. FARR'", "(u'Mr. SESSIONS'", "(u'Mr. GILCHREST'", "(u'Mr. PEARCE'", "(u'Mr. KUCINICH'", "(u'Mr. YOUNG of Alaska'", "(u'Mr. SHAYS'", "(u'Mr. BASS'", "(u'Mr. INSLEE'", "(u'Mr. KIND'", "(u'Mr. GIBBONS'", "(u'Mr. STARK'", "(u'Mr. OSBORNE'", "(u'Mr. RENZI'", "(u'Mr. SALAZAR'", "(u'Mr. HAYWORTH'", "(u'Mr. BARTLETT of Maryland'", "(u'Mr. BOEHLERT'", "(u'Mr. CASTLE'", "(u'Mr. HAYES'", "(u'Mr. HASTINGS of Florida'", "(u'Mr. HALL'", "(u'Mr. LEVIN'", "(u'Mr. LANGEVIN'", "(u'Mr. BARRETT of South Carolina'", "(u'Mr. GEORGE MILLER of California'", "(u'Mr. PALLONE'", "(u'Mr. BARTON of Texas'", "(u'Mr. BLUMENAUER'", "(u'Mr. BISHOP of New York'", "(u'Mr. CANTOR'", "(u'Mr. MARKEY'", "(u'Mr. UDALL of Colorado'", "(u'Mr. GRIJALVA'", "(u'Mr. POMBO'", "(u'Mr. DREIER'"])
33527.0;set(["(u'Mr. DOMENICI'", "(u'Mr. BYRD'", "(u'Mr. SMITH'", "(u'Mr. OBAMA'", "(u'Mr. DURBIN'", "(u'Mr. BURR'", "(u'Mr. ENZI'", "(u'Mr. BROWNBACK'", "(u'Mr. SPECTER'", "(u'Mr. BAUCUS'", "(u'Mr. DODD'", "(u'Mr. ALLARD'", "(u'Mr. COLEMAN'", "(u'Mr. CARPER'", "(u'Mr. DEWINE'", "(u'Mr. HAGEL'", "(u'Mr. LEAHY'", "(u'Mr. DORGAN'", "(u'Mr. LEVIN'", "(u'Mr. JEFFORDS'", "(u'Mr. BUNNING'", "(u'Mr. CHAMBLISS'", "(u'Mr. KYL'", "(u'Mr. JOHNSON'", "(u'Mr. KOHL'", "(u'Mr. CRAIG'", "(u'Mr. MARTINEZ'", "(u'Mr. CORZINE'", "(u'Mr. BINGAMAN'", "(u'Mr. BIDEN'"])
4203.0;set(["(u'Mr. TOOMEY'", "(u'Mr. PITTS'", "(u'Mr. WOLF'", "(u'Mr. CRANE'", "(u'Mr. STEARNS'", "(u'Mr. BECERRA'", "(u'Mr. EWING'", "(u'Mr. SHAW'", "(u'Mr. EDWARDS'", "(u'Mr. BEREUTER'", "(u'Mr. LIPINSKI'", "(u'Mr. KLECZKA'", "(u'Mr. DAVIS of Florida'", "(u'Mr. KUCINICH'", "(u'Mr. UNDERWOOD'", "(u'Mr. HUNTER'", "(u'Mr. HOUGHTON'", "(u'Mr. CARDIN'", "(u'Mr. BENTSEN'", "(u'Mr. KNOLLENBERG'", "(u'Mr. OSE'", "(u'Mr. GILMAN'", "(u'Mr. COBURN'", "(u'Mr. PAUL'", "(u'Mr. OXLEY'", "(u'Mr. HOYER'", "(u'Mr. ALLEN'", "(u'Mr. STARK'", "(u'Mr. BERRY'", "(u'Mr. GANSKE'", "(u'Mr. DOYLE'", "(u'Mr. ROEMER'", "(u'Mr. COMBEST'", "(u'Mr. LANTOS'", "(u'Mr. RANGEL'", "(u'Mr. LEVIN'", "(u'Mr. PORTMAN'", "(u'Mr. BURTON of Indiana'", "(u'Mr. SHAYS'", "(u'Mr. KASICH'", "(u'Mr. MARKEY'", "(u'Mr. SANDERS'", "(u'Mr. ARCHER'", "(u'Mr. DICKS'", "(u'Mr. PASCRELL'", "(u'Mr. STENHOLM'", "(u'Mr. COX'", "(u'Mr. NUSSLE'", "(u'Mr. GREEN of Texas'", "(u'Mr. BLUMENAUER'", "(u'Mr. LEWIS of Georgia'", "(u'Mr. GEPHARDT'", "(u'Mr. KOLBE'", "(u'Mr. TRAFICANT'", "(u'Mr. FALEOMAVAEGA'", "(u'Mr. CALVERT'", "(u'Mr. BONIOR'", "(u'Mr. WU'", "(u'Mr. FRELINGHUYSEN'", "(u'Mr. TANCREDO'", "(u'Mr. ROHRABACHER'", "(u'Mr. WELLER'", "(u'Mr. SALMON'", "(u'Mr. DREIER'"])
4598.0;set(["(u'Mr. TOOMEY'", "(u'Mr. PITTS'", "(u'Mr. WOLF'", "(u'Mr. CRANE'", "(u'Mr. STEARNS'", "(u'Mr. BECERRA'", "(u'Mr. EWING'", "(u'Mr. SHAW'", "(u'Mr. EDWARDS'", "(u'Mr. BEREUTER'", "(u'Mr. LIPINSKI'", "(u'Mr. KLECZKA'", "(u'Mr. DAVIS of Florida'", "(u'Mr. KUCINICH'", "(u'Mr. UNDERWOOD'", "(u'Mr. HUNTER'", "(u'Mr. HOUGHTON'", "(u'Mr. CARDIN'", "(u'Mr. BENTSEN'", "(u'Mr. KNOLLENBERG'", "(u'Mr. OSE'", "(u'Mr. GILMAN'", "(u'Mr. COBURN'", "(u'Mr. PAUL'", "(u'Mr. OXLEY'", "(u'Mr. HOYER'", "(u'Mr. ALLEN'", "(u'Mr. STARK'", "(u'Mr. BERRY'", "(u'Mr. GANSKE'", "(u'Mr. DOYLE'", "(u'Mr. ROEMER'", "(u'Mr. COMBEST'", "(u'Mr. LANTOS'", "(u'Mr. RANGEL'", "(u'Mr. LEVIN'", "(u'Mr. PORTMAN'", "(u'Mr. BURTON of Indiana'", "(u'Mr. SHAYS'", "(u'Mr. KASICH'", "(u'Mr. MARKEY'", "(u'Mr. SANDERS'", "(u'Mr. ARCHER'", "(u'Mr. DICKS'", "(u'Mr. PASCRELL'", "(u'Mr. STENHOLM'", "(u'Mr. COX'", "(u'Mr. NUSSLE'", "(u'Mr. GREEN of Texas'", "(u'Mr. BLUMENAUER'", "(u'Mr. LEWIS of Georgia'", "(u'Mr. GEPHARDT'", "(u'Mr. KOLBE'", "(u'Mr. TRAFICANT'", "(u'Mr. FALEOMAVAEGA'", "(u'Mr. CALVERT'", "(u'Mr. BONIOR'", "(u'Mr. WU'", "(u'Mr. FRELINGHUYSEN'", "(u'Mr. TANCREDO'", "(u'Mr. ROHRABACHER'", "(u'Mr. WELLER'", "(u'Mr. SALMON'", "(u'Mr. DREIER'"])
54701.0;set(["(u'Mr. SASSE'", "(u'Mr. MCCAIN'", "(u'Mr. CORNYN'", "(u'Mr. LEAHY'", "(u'Mr. SCOTT'", "(u'Mr. DURBIN'", "(u'Mr. BLUNT'", "(u'Mr. WICKER'", "(u'Mr. MCCONNELL'", "(u'Mr. CORKER'", "(u'Mr. HOEVEN'", "(u'Mr. LANKFORD'", "(u'Mr. REID'", "(u'Mr. MURPHY'", "(u'Mr. COATS'"])
39734.0;set(["(u'Mr. BURRIS'", "(u'Mr. ENZI'", "(u'Mr. GRAHAM'", "(u'Mr. INHOFE'"])
6949.0;set(["(u'Mr. LOTT'", "(u'Mr. LIEBERMAN'", "(u'Mr. BIDEN'", "(u'Mr. SHELBY'", "(u'Mr. COCHRAN'", "(u'Mr. GORTON'", "(u'Mr. LEVIN'", "(u'Mr. HELMS'", "(u'Mr. KYL'"])
10432.0;set(["(u'Mr. LATHAM'", "(u'Mr. HILL of Montana'", "(u'Mr. CROWLEY'", "(u'Mr. WOLF'", "(u'Mr. CRANE'", "(u'Mr. STEARNS'", "(u'Mr. BECERRA'", "(u'Mr. ENGEL'", "(u'Mr. ENGLISH'", "(u'Mr. THOMAS'", "(u'Mr. MEEHAN'", "(u'Mr. BEREUTER'", "(u'Mr. LIPINSKI'", "(u'Mr. METCALF'", "(u'Mr. DAVIS of Illinois'", "(u'Mr. MATSUI'", "(u'Mr. CAMP'", "(u'Mr. GOODLATTE'", "(u'Mr. BASS'", "(u'Mr. CLEMENT'", "(u'Mr. CALVERT'", "(u'Mr. NEY'", "(u'Mr. NETHERCUTT'", "(u'Mr. OSE'", "(u'Mr. TIERNEY'", "(u'Mr. TANNER'", "(u'Mr. CARDIN'", "(u'Mr. FORD'", "(u'Mr. HOYER'", "(u'Mr. BROWN of Ohio'", "(u'Mr. STARK'", "(u'Mr. BERRY'", "(u'Mr. ARMEY'", "(u'Mr. ROEMER'", "(u'Mr. HORN'", "(u'Mr. KANJORSKI'", "(u'Mr. HUNTER'", "(u'Mr. COYNE'", "(u'Mr. BALDACCI'", "(u'Mr. WATKINS'", "(u'Mr. CASTLE'", "(u'Mr. HAYES'", "(u'Mr. EVANS'", "(u'Mr. LEVIN'", "(u'Mr. PORTMAN'", "(u'Mr. SANFORD'", "(u'Mr. OWENS'", "(u'Mr. CONDIT'", "(u'Mr. ARCHER'", "(u'Mr. TURNER'", "(u'Mr. DICKS'", "(u'Mr. COOK'", "(u'Mr. FARR of California'", "(u'Mr. CUNNINGHAM'", "(u'Mr. NORWOOD'", "(u'Mr. STRICKLAND'", "(u'Mr. DREIER'", "(u'Mr. GEPHARDT'", "(u'Mr. BACHUS'", "(u'Mr. GONZALEZ'", "(u'Mr. DAVIS of Florida'", "(u'Mr. WU'", "(u'Mr. CAPUANO'", "(u'Mr. TANCREDO'", "(u'Mr. ROHRABACHER'", "(u'Mr. RANGEL'", "(u'Mr. DOGGETT'", "(u'Mr. SALMON'", "(u'Mr. HOLT'", "(u'Mr. STUPAK'", "(u'Mr. HERGER'"])
21579.0;set(["(u'Mr. WOLF'", "(u'Mr. SERRANO'"])
10974.0;set(["(u'Mr. THORNBERRY'", "(u'Mr. WOLF'", "(u'Mr. SKELTON'", "(u'Mr. CRANE'", "(u'Mr. LEACH'", "(u'Mr. WELDON of Florida'", "(u'Mr. KNOLLENBERG'", "(u'Mr. VENTO'", "(u'Mr. FALEOMAVAEGA'", "(u'Mr. LAHOOD'", "(u'Mr. HASTERT'", "(u'Mr. ORTIZ'", "(u'Mr. GEJDENSON'", "(u'Mr. MCGOVERN'", "(u'Mr. GALLEGLY'", "(u'Mr. BERMAN'", "(u'Mr. NUSSLE'", "(u'Mr. SHAYS'", "(u'Mr. KUYKENDALL'", "(u'Mr. STENHOLM'", "(u'Mr. BORSKI'", "(u'Mr. MANZULLO'", "(u'Mr. GILMAN'", "(u'Mr. DICKS'", "(u'Mr. PALLONE'", "(u'Mr. STARK'", "(u'Mr. DINGELL'", "(u'Mr. UDALL of Colorado'", "(u'Mr. TANCREDO'", "(u'Mr. ARMEY'", "(u'Mr. HUNTER'", "(u'Mr. BARRETT of Nebraska'", "(u'Mr. LANTOS'", "(u'Mr. CASTLE'", "(u'Mr. PORTMAN'", "(u'Mr. WEYGAND'", "(u'Mr. DAVIS of Virginia'", "(u'Mr. CHAMBLISS'", "(u'Mr. UNDERWOOD'", "(u'Mr. PAUL'", "(u'Mr. BISHOP'", "(u'Mr. CUNNINGHAM'", "(u'Mr. COMBEST'", "(u'Mr. NORWOOD'", "(u'Mr. POMEROY'", "(u'Mr. DOOLITTLE'", "(u'Mr. HEFLEY'", "(u'Mr. WAXMAN'", "(u'Mr. PORTER'", "(u'Mr. BONIOR'", "(u'Mr. DIXON'", "(u'Mr. DELAY'", "(u'Mr. RANGEL'", "(u'Mr. MOORE'"])
22394.0;set(["(u'Mr. KOLBE'", "(u'Mr. INSLEE'", "(u'Mr. KINGSTON'"])
49739.0;set(["(u'Mr. MCGOVERN'", "(u'Mr. SESSIONS'", "(u'Mr. DREIER'"])
36871.0;set(["(u'Mr. ENSIGN'", "(u'Mr. BOND'", "(u'Mr. CRAIG'", "(u'Mr. HARKIN'", "(u'Mr. LEAHY'", "(u'Mr. FEINSTEIN'", "(u'Mr. KENNEDY'", "(u'Mr. LEVIN'", "(u'Mr. SESSIONS'", "(u'Mr. MCCONNELL'", "(u'Mr. BINGAMAN'", "(u'Mr. FRIST'", "(u'Mr. BYRD'", "(u'Mr. SPECTER'", "(u'Mr. CHAMBLISS'", "(u'Mr. GREGG'", "(u'Mr. WARNER'"])
11571.0;set(["(u'Mr. THORNBERRY'", "(u'Mr. WOLF'", "(u'Mr. SKELTON'", "(u'Mr. CRANE'", "(u'Mr. LEACH'", "(u'Mr. WELDON of Florida'", "(u'Mr. KNOLLENBERG'", "(u'Mr. VENTO'", "(u'Mr. FALEOMAVAEGA'", "(u'Mr. LAHOOD'", "(u'Mr. HASTERT'", "(u'Mr. ORTIZ'", "(u'Mr. GEJDENSON'", "(u'Mr. MCGOVERN'", "(u'Mr. GALLEGLY'", "(u'Mr. BERMAN'", "(u'Mr. NUSSLE'", "(u'Mr. SHAYS'", "(u'Mr. KUYKENDALL'", "(u'Mr. STENHOLM'", "(u'Mr. BORSKI'", "(u'Mr. MANZULLO'", "(u'Mr. GILMAN'", "(u'Mr. DICKS'", "(u'Mr. PALLONE'", "(u'Mr. STARK'", "(u'Mr. DINGELL'", "(u'Mr. UDALL of Colorado'", "(u'Mr. TANCREDO'", "(u'Mr. ARMEY'", "(u'Mr. HUNTER'", "(u'Mr. BARRETT of Nebraska'", "(u'Mr. LANTOS'", "(u'Mr. CASTLE'", "(u'Mr. PORTMAN'", "(u'Mr. WEYGAND'", "(u'Mr. DAVIS of Virginia'", "(u'Mr. CHAMBLISS'", "(u'Mr. UNDERWOOD'", "(u'Mr. PAUL'", "(u'Mr. BISHOP'", "(u'Mr. CUNNINGHAM'", "(u'Mr. COMBEST'", "(u'Mr. NORWOOD'", "(u'Mr. POMEROY'", "(u'Mr. DOOLITTLE'", "(u'Mr. HEFLEY'", "(u'Mr. WAXMAN'", "(u'Mr. PORTER'", "(u'Mr. BONIOR'", "(u'Mr. DIXON'", "(u'Mr. DELAY'", "(u'Mr. RANGEL'", "(u'Mr. MOORE'"])
2029.0;set(["(u'Mr. GRAMS'", "(u'Mr. FEINGOLD'", "(u'Mr. HUTCHINSON'", "(u'Mr. GRASSLEY'"])
9714.0;set(["(u'Mr. OWENS'"])
44075.0;set(["(u'Mr. LEAHY'", "(u'Mr. CARDIN'", "(u'Mr. CASEY'", "(u'Mr. WARNER'"])
9815.0;set(["(u'Mr. OWENS'"])
230.0;set(["(u'Mr. FEINGOLD'", "(u'Mr. HUTCHINSON'", "(u'Mr. ALLARD'", "(u'Mr. LEVIN'"])
29395.0;set(["(u'Mr. BALDWIN'", "(u'Mr. CRANE'", "(u'Mr. COOPER'", "(u'Mr. ROGERS of Michigan'", "(u'Mr. THOMAS'", "(u'Mr. SHAW'", "(u'Mr. TAYLOR of Mississippi'", "(u'Mr. CAMP'", "(u'Mr. MATSUI'", "(u'Mr. RYAN of Wisconsin'", "(u'Mr. MANZULLO'", "(u'Mr. CARDIN'", "(u'Mr. HOYER'", "(u'Mr. STARK'", "(u'Mr. SANDLIN'", "(u'Mr. UDALL of Colorado'", "(u'Mr. HAYWORTH'", "(u'Mr. FOLEY'", "(u'Mr. WALSH'", "(u'Mr. LEVIN'", "(u'Mr. PORTMAN'", "(u'Mr. MCINTYRE'", "(u'Mr. BECERRA'", "(u'Mr. PAUL'", "(u'Mr. BLUMENAUER'", "(u'Mr. LEWIS of Georgia'", "(u'Mr. GRAVES'", "(u'Mr. MCCRERY'", "(u'Mr. WAXMAN'", "(u'Mr. MCDERMOTT'", "(u'Mr. SAM JOHNSON of Texas'", "(u'Mr. RANGEL'", "(u'Mr. BEAUPREZ'", "(u'Mr. DOGGETT'", "(u'Mr. BRADY of Texas'", "(u'Mr. HOLT'", "(u'Mr. HERGER'"])
26403.0;set(["(u'Mr. BROWNBACK'", "(u'Mr. CAMPBELL'", "(u'Mr. KYL'"])
51823.0;set(["(u'Mr. BOOKER'", "(u'Mr. SCHATZ'", "(u'Mr. HEINRICH'", "(u'Mr. BLUMENTHAL'", "(u'Mr. MURPHY'", "(u'Mr. CARDIN'", "(u'Mr. ALEXANDER'", "(u'Mr. UDALL of New Mexico'", "(u'Mr. REED'", "(u'Mr. NELSON'", "(u'Mr. WHITEHOUSE'"])
35355.0;set(["(u'Mr. FEINGOLD'", "(u'Mr. DODD'", "(u'Mr. DOMENICI'", "(u'Mr. BYRD'", "(u'Mr. SMITH'", "(u'Mr. OBAMA'", "(u'Mr. DURBIN'", "(u'Mr. SHELBY'", "(u'Mr. SANTORUM'", "(u'Mr. ROCKEFELLER'", "(u'Mr. GRASSLEY'", "(u'Mr. BENNETT'", "(u'Mr. SPECTER'", "(u'Mr. FRIST'", "(u'Mr. BAUCUS'", "(u'Mr. BURNS'", "(u'Mr. GREGG'", "(u'Mr. COBURN'", "(u'Mr. HATCH'", "(u'Mr. SALAZAR'", "(u'Mr. HAGEL'", "(u'Mr. LOTT'", "(u'Mr. CORNYN'", "(u'Mr. HARKIN'", "(u'Mr. LEAHY'", "(u'Mr. VITTER'", "(u'Mr. LEVIN'", "(u'Mr. KYL'", "(u'Mr. PRYOR'", "(u'Mr. CONRAD'", "(u'Mr. BUNNING'", "(u'Mr. CHAMBLISS'", "(u'Mr. SUNUNU'", "(u'Mr. WARNER'", "(u'Mr. MCCAIN'", "(u'Mr. KOHL'", "(u'Mr. JOHNSON'", "(u'Mr. LIEBERMAN'", "(u'Mr. BINGAMAN'", "(u'Mr. STEVENS'", "(u'Mr. REED'", "(u'Mr. LAUTENBERG'", "(u'Mr. SCHUMER'"])
2760.0;set(["(u'Mr. DUNCAN'", "(u'Mr. ROEMER'"])
17899.0;set(["(u'Mr. WELLSTONE'", "(u'Mr. BYRD'", "(u'Mr. KERRY'", "(u'Mr. DURBIN'", "(u'Mr. MACK'", "(u'Mr. SESSIONS'", "(u'Mr. THOMAS'", "(u'Mr. SANTORUM'", "(u'Mr. ENZI'", "(u'Mr. MOYNIHAN'", "(u'Mr. HATCH'", "(u'Mr. THURMOND'", "(u'Mr. BAUCUS'", "(u'Mr. HOLLINGS'", "(u'Mr. KENNEDY'", "(u'Mr. ALLARD'", "(u'Mr. DEWINE'", "(u'Mr. REID'", "(u'Mr. ASHCROFT'", "(u'Mr. LEAHY'", "(u'Mr. DORGAN'", "(u'Mr. GORTON'", "(u'Mr. JEFFORDS'", "(u'Mr. CONRAD'", "(u'Mr. HELMS'", "(u'Mr. ROCKEFELLER'", "(u'Mr. WARNER'", "(u'Mr. BOND'", "(u'Mr. KOHL'", "(u'Mr. LAUTENBERG'", "(u'Mr. MURRAY'", "(u'Mr. KERREY'", "(u'Mr. ROTH'", "(u'Mr. BINGAMAN'", "(u'Mr. BIDEN'", "(u'Mr. DASCHLE'", "(u'Mr. LEVIN'", "(u'Mr. MCCAIN'", "(u'Mr. SCHUMER'"])
24551.0;set(["(u'Mr. KIRK'", "(u'Mr. ROYCE'", "(u'Mr. LEACH'", "(u'Mr. FALEOMAVAEGA'", "(u'Mr. BECERRA'"])
17720.0;set(["(u'Mr. WELLSTONE'", "(u'Mr. BYRD'", "(u'Mr. KERRY'", "(u'Mr. DURBIN'", "(u'Mr. MACK'", "(u'Mr. SESSIONS'", "(u'Mr. THOMAS'", "(u'Mr. SANTORUM'", "(u'Mr. ENZI'", "(u'Mr. MOYNIHAN'", "(u'Mr. HATCH'", "(u'Mr. THURMOND'", "(u'Mr. BAUCUS'", "(u'Mr. HOLLINGS'", "(u'Mr. KENNEDY'", "(u'Mr. ALLARD'", "(u'Mr. DEWINE'", "(u'Mr. REID'", "(u'Mr. ASHCROFT'", "(u'Mr. LEAHY'", "(u'Mr. DORGAN'", "(u'Mr. GORTON'", "(u'Mr. JEFFORDS'", "(u'Mr. CONRAD'", "(u'Mr. HELMS'", "(u'Mr. ROCKEFELLER'", "(u'Mr. WARNER'", "(u'Mr. BOND'", "(u'Mr. KOHL'", "(u'Mr. LAUTENBERG'", "(u'Mr. MURRAY'", "(u'Mr. KERREY'", "(u'Mr. ROTH'", "(u'Mr. BINGAMAN'", "(u'Mr. BIDEN'", "(u'Mr. DASCHLE'", "(u'Mr. LEVIN'", "(u'Mr. MCCAIN'", "(u'Mr. SCHUMER'"])
51362.0;set(["(u'Mr. BLUMENTHAL'", "(u'Mr. LEAHY'", "(u'Mr. REID'", "(u'Mr. DURBIN'", "(u'Mr. MURPHY'", "(u'Mr. HEINRICH'", "(u'Mr. MCCAIN'", "(u'Mr. SCHUMER'"])
34361.0;set(["(u'Mr. SPRATT'", "(u'Mr. GENE GREEN of Texas'", "(u'Mr. ROGERS of Michigan'", "(u'Mr. THOMAS'", "(u'Mr. SHAW'", "(u'Mr. NEAL of Massachusetts'", "(u'Mr. CARDIN'", "(u'Mr. STARK'", "(u'Mr. SOUDER'", "(u'Mr. UDALL of Colorado'", "(u'Mr. HAYWORTH'", "(u'Mr. BACA'", "(u'Mr. ENGLISH of Pennsylvania'", "(u'Mr. LEVIN'", "(u'Mr. MURPHY'", "(u'Mr. REYNOLDS'", "(u'Mr. RYAN of Ohio'", "(u'Mr. BARRETT of South Carolina'", "(u'Mr. PAUL'", "(u'Mr. RANGEL'", "(u'Mr. HERGER'", "(u'Mr. HOLT'"])
45840.0;set(["(u'Mr. BARRASSO'", "(u'Mr. WEBB'", "(u'Mr. BROWN of Ohio'", "(u'Mr. REID'", "(u'Mr. LEVIN'", "(u'Mr. MCCONNELL'", "(u'Mr. INOUYE'", "(u'Mr. WHITEHOUSE'", "(u'Mr. SCHUMER'", "(u'Mr. HATCH'"])
55872.0;set(["(u'Mr. KING of Iowa'", "(u'Mr. POE of Texas'", "(u'Mr. McCAUL'", "(u'Mr. YOHO'", "(u'Mr. BENISHEK'", "(u'Mr. SCOTT of Virginia'"])
52127.0;set(["(u'Mr. ENGEL'", "(u'Mr. SMITH of New Jersey'", "(u'Mr. GARAMENDI'", "(u'Mr. HOYER'", "(u'Mr. MCKEON'"])
392.0;set(["(u'Mr. FEINGOLD'", "(u'Mr. LOTT'", "(u'Mr. WELLSTONE'", "(u'Mr. HUTCHINSON'", "(u'Mr. BIDEN'", "(u'Mr. MACK'", "(u'Mr. THOMAS'"])
10767.0;set(["(u'Mr. THORNBERRY'", "(u'Mr. WOLF'", "(u'Mr. SKELTON'", "(u'Mr. CRANE'", "(u'Mr. LEACH'", "(u'Mr. WELDON of Florida'", "(u'Mr. KNOLLENBERG'", "(u'Mr. VENTO'", "(u'Mr. FALEOMAVAEGA'", "(u'Mr. LAHOOD'", "(u'Mr. HASTERT'", "(u'Mr. ORTIZ'", "(u'Mr. GEJDENSON'", "(u'Mr. MCGOVERN'", "(u'Mr. GALLEGLY'", "(u'Mr. BERMAN'", "(u'Mr. NUSSLE'", "(u'Mr. SHAYS'", "(u'Mr. KUYKENDALL'", "(u'Mr. STENHOLM'", "(u'Mr. BORSKI'", "(u'Mr. MANZULLO'", "(u'Mr. GILMAN'", "(u'Mr. DICKS'", "(u'Mr. PALLONE'", "(u'Mr. STARK'", "(u'Mr. DINGELL'", "(u'Mr. UDALL of Colorado'", "(u'Mr. TANCREDO'", "(u'Mr. ARMEY'", "(u'Mr. HUNTER'", "(u'Mr. BARRETT of Nebraska'", "(u'Mr. LANTOS'", "(u'Mr. CASTLE'", "(u'Mr. PORTMAN'", "(u'Mr. WEYGAND'", "(u'Mr. DAVIS of Virginia'", "(u'Mr. CHAMBLISS'", "(u'Mr. UNDERWOOD'", "(u'Mr. PAUL'", "(u'Mr. BISHOP'", "(u'Mr. CUNNINGHAM'", "(u'Mr. COMBEST'", "(u'Mr. NORWOOD'", "(u'Mr. POMEROY'", "(u'Mr. DOOLITTLE'", "(u'Mr. HEFLEY'", "(u'Mr. WAXMAN'", "(u'Mr. PORTER'", "(u'Mr. BONIOR'", "(u'Mr. DIXON'", "(u'Mr. DELAY'", "(u'Mr. RANGEL'", "(u'Mr. MOORE'"])
