"att1";"url";"sino_sentences";"sino_speakers";"sino_dates";"identifier";"sentence"
52275.0;"http://www.congress.gov/crec/2014/05/28/CREC-2014-05-28-pt1-PgH4868.pdf";"The chairman has also pointed out what has now become obvious, given the DOJ's action, that China is also quite active in this realm.";"{'Mr. FATTAH.', 'Mr. KILDEE.', 'Mr. WOLF.', 'The CHAIR.', 'Mr. POMPEO.', 'Mr. McKINLEY.', 'The Acting CHAIR.', 'Mr. CULBERSON.'}";"2014-05";9020.0;52275.0
37113.0;"http://www.congress.gov/crec/2006/06/12/CREC-2006-06-12-pt1-PgH3734-2.pdf";"Mr. Lantos, as Mr. Wolf said a moment ago, has been a great champion of human rights all over the world, including in China, has joined with Henry Hyde, the chairman of the committee, and myself, along with Mr. Wolf and Mr. English.";"{'Mr. SMITH of New Jersey.', 'Mr. WOLF.', 'Ms. BORDALLO.', 'Mr. LANTOS.'}";"2006-06";5039.0;37113.0
52324.0;"http://www.congress.gov/crec/2014/05/30/CREC-2014-05-30-pt1-PgH5034.pdf";"The United States deserves better for supporting the rights of nations like China to trade in the global marketplace, to be treated with respect, and to participate in the community of nations.";"{'Mr. ROGERS of Michigan.', 'Mr. BISHOP of New York.', 'The SPEAKER pro tempore.'}";"2014-05";9028.0;52324.0
16979.0;"http://www.congress.gov/crec/2000/09/14/CREC-2000-09-14-pt1-PgS8539.pdf";"Per capita emissions in China are 75 percent higher than in Brazil, which has an economy of similar size.";"{'Mr. SMITH of New Hampshire.', 'Mr. HOLLINGS.', 'Mrs. LINCOLN.', 'Ms. COLLINS.', 'Mr. ROTH.', 'The PRESIDING OFFICER.', 'Mr. McCONNELL.', 'Ms. MIKULSKI.'}";"2000-09";1420.0;16979.0
13591.0;"http://www.congress.gov/crec/2000/09/05/CREC-2000-09-05-pt1-PgS7963-2.pdf";"As I explained just prior to the August recess, my reason for supporting this legislation is first and foremost because of the benefits that normalizing trade with China will offer my constituents back home in Delaware.";"{'The PRESIDING OFFICER.', 'Mr. HELMS.', 'Mr. ROTH.'}";"2000-09";1346.0;13591.0
11367.0;"http://www.congress.gov/crec/2000/05/24/CREC-2000-05-24-pt1-PgH3711.pdf";"They expect to almost triple beef exports to China by 2005.";"{'Mr. WEYGAND.', 'Mr. COMBEST.', 'Mr. KNOLLENBERG.', 'Mr. ARMEY.', 'Mr. CHAMBLISS.', 'Mr. BERMAN.', 'Mr. CRANE.', 'Mr. DOOLITTLE.', 'Mr. CASTLE.', 'Mr. LANTOS.', 'Mr. LEACH.', 'Mr. KUYKENDALL.', 'Mr. PORTMAN.', 'Mr. CUNNINGHAM.', 'Mr. HUNTER.', 'The SPEAKER pro tempore.', 'Mr. SHAYS.', 'Mr. UNDERWOOD.', 'Mrs. FOWLER.', 'Mr. RANGEL.', 'Mr. PAUL.', 'Mr. DeLAY.', 'Mr. LaHOOD.', 'Mrs. MEEK of Florida.', 'Mr. NUSSLE.', 'Mr. MANZULLO.', 'Mr. HASTERT.', 'Mr. MOORE.', 'Mr. BARRETT of Nebraska.', 'Mr. ORTIZ.', 'Mr. FALEOMAVAEGA.', 'Ms. LEE.', 'Mr. UDALL of Colorado.', 'Mr. NORWOOD.', 'Mrs. KELLY.', 'Mr. SKELTON.', 'Mr. DINGELL.', 'Mr. PORTER.', 'Mr. BONIOR.', 'Mr. PALLONE.', 'Mr. STENHOLM.', 'Mr. DIXON.', 'Mr. DICKS.', 'Mr. HEFLEY.', 'Mr. WAXMAN.', 'Mr. GALLEGLY.', 'Mr. WOLF.', 'Mr. GEJDENSON.', 'Mr. McGOVERN.', 'Mr. BISHOP.', 'Mr. VENTO.', 'Mr. WELDON of Florida.', 'Mr. POMEROY.', 'Mr. BORSKI.', 'Mr. THORNBERRY.', 'Ms. BALDWIN.'}";"2000-05";1124.0;11367.0
15903.0;"http://www.congress.gov/crec/2000/09/12/CREC-2000-09-12-pt1-PgS8375.pdf";"I have written to the People's Republic of China.";"{'Mr. MOYNIHAN.', 'Mr. SMITH of New Hampshire.', 'Mr. BYRD.', 'Mr. HOLLINGS.', 'Mr. WELLSTONE.', 'Mr. HELMS.', 'Mr. ROTH.', 'Mr. ROBERTS.', 'The PRESIDING OFFICER.', 'Mr. THOMPSON.'}";"2000-09";1393.0;15903.0
12877.0;"http://www.congress.gov/crec/2000/07/18/CREC-2000-07-18-pt1-PgH6399-2.pdf";"For example, after the PNTR vote, the music of one of the most popular female singers in China, who happens to be from Taiwan, was banned because she sang at the inauguration of Taiwan's democratically elected President.";"{'Mr. ROHRABACHER.', 'Mr. CRANE.', 'Mr. GILMAN.', 'Mr. HUNTER.', 'Mr. STEARNS.', 'Ms. McKINNEY.', 'Ms. KAPTUR.', 'Mr. MASCARA.', 'Mr. VISCLOSKY.', 'Mr. ROEMER.', 'Mr. PASCRELL.', 'Mr. STARK.', 'Mr. FOLEY.', 'Mr. KOLBE.', 'Mr. DREIER.', 'Mr. SMITH of New Jersey.', 'Mr. PORTER.', 'Mr. BONIOR.', 'Ms. PELOSI.', 'Mr. LIPINSKI.', 'Mr. BROWN of Ohio.', 'Mr. TANCREDO.', 'Mr. LEVIN.', 'Mr. WOLF.', 'Mr. BEREUTER.', 'Mr. KUCINICH.', 'Mr. ARCHER.'}";"2000-07";1286.0;12877.0
37046.0;"http://www.congress.gov/crec/2006/06/12/CREC-2006-06-12-pt1-PgH3729.pdf";"The rulers in Beijing reason that if an average Chinese person can find out the truth about the Tiananmen massacre or the repression of the Falun Gong with a few key strokes on the computer, it is only a matter of time before the Chinese public will demand fundamental change in China.";"{'Mr. SMITH of New Jersey.', 'Ms. PELOSI.', 'Ms. BORDALLO.', 'Mr. LANTOS.', 'Mrs. NAPOLITANO.'}";"2006-06";5037.0;37046.0
3860.0;"http://www.congress.gov/crec/1999/07/20/CREC-1999-07-20-pt1-PgS8842-4.pdf";"China is a sovereign nation.";"{'Mr. THOMAS.', 'Mr. SMITH of New Hampshire.', 'Mr. BAUCUS.', 'Mr. ROCKEFELLER.', 'Mr. MURKOWSKI.', 'Mr. FEINGOLD.', 'The PRESIDING OFFICER.', 'Mrs. MURRAY.'}";"1999-07";514.0;3860.0
45559.0;"http://www.congress.gov/crec/2011/10/03/CREC-2011-10-03-pt1-PgS6020-2.pdf";"It has been 10 years since China joined the WTO.";"{'Mr. SCHUMER.', 'Mr. HATCH.'}";"2011-10";7469.0;45559.0
15037.0;"http://www.congress.gov/crec/2000/09/11/CREC-2000-09-11-pt1-PgS8297-7.pdf";"In fact, I think it is reasonable to suppose that if we were taking goods from these other countries instead of China, those countries would be more willing to take our goods because that is the nature of the relationship that we have with Mexico, or South Korea, or Taiwan.";"{'Mr. GRAMS.', 'Mr. BYRD.', 'Mr. BAUCUS.', 'Mr. KERRY.', 'Mr. SARBANES.', 'Ms. COLLINS.', 'Mr. HELMS.', 'Mr. ROTH.', 'Mr. ENZI.', 'Mr. KYL.', 'The PRESIDING OFFICER.', 'Mr. GRAHAM.', 'Mr. SPECTER.', 'Mr. INHOFE.', 'Mr. MURKOWSKI.', 'Mr. THOMPSON.'}";"2000-09";1380.0;15037.0
52230.0;"http://www.congress.gov/crec/2014/05/28/CREC-2014-05-28-pt1-PgH4851.pdf";"China's one-child policy is a human rights disaster without precedent, and it is a demographic nightmare as well.";"{'Mr. CASTRO of Texas.', 'Mr. WOLF.', 'Mr. McGOVERN.', 'Mr. SMITH of New Jersey.', 'Ms. ROS-LEHTINEN.', 'Ms. PELOSI.'}";"2014-05";9018.0;52230.0
36282.0;"http://www.congress.gov/crec/2006/03/14/CREC-2006-03-14-pt1-PgS2054-2.pdf";"China is 5 to 10 years ahead of schedule in what we figure would be a rearmament process.";"{'Mr. KENNEDY.', 'Mr. TALENT.'}";"2006-03";4813.0;36282.0
1259.0;"http://www.congress.gov/crec/1999/03/23/CREC-1999-03-23-pt1-PgH1531.pdf";"I thank the gentleman from California (Mr. Lantos), of course, for his longtime support of human rights everywhere, but especially here concerning the Taiwan Relations Act and our confrontation with China on these very important and all-important human rights issues.";"{'Mr. BERMAN.', 'Mr. ROHRABACHER.', 'Mr. ACKERMAN.', 'Mr. GILMAN.', 'Mr. LANTOS.', 'Mr. BEREUTER.', 'Ms. JACKSON-LEE of Texas.', 'Mr. FALEOMAVAEGA.'}";"1999-03";125.0;1259.0
53539.0;"http://www.congress.gov/crec/2015/03/24/CREC-2015-03-24-pt1-PgS1751-2.pdf";"The absence of a long-range bomber, the need to replace an aging submarine fleet, a Navy that is headed for a catastrophic low number of ships, all of these things need to be confronted, not to mention the fact that we are not modernizing at an efficient and effective rate our nuclear arsenal, which is a key part of our deterrence, in a world where China, Russia, and others have significant stockpiles of weapons, particularly the Russians.";"{'Mr. RUBIO.', 'Mr. COTTON.'}";"2015-03";9397.0;53539.0
37656.0;"http://www.congress.gov/crec/2006/07/26/CREC-2006-07-26-pt1-PgS8222.pdf";"China is there drilling, as are Spain and Canada.";"{'Mr. SESSIONS.', 'Mr. ALEXANDER.', 'Mr. CRAIG.', 'Mr. BOND.'}";"2006-07";5187.0;37656.0
9685.0;"http://www.congress.gov/crec/2000/05/23/CREC-2000-05-23-pt1-PgH3596-2.pdf";"Well, China did change.";"{'Mr. ENGLISH.', 'Mrs. CAPPS.', 'Mr. LaFALCE.', 'Mr. SALMON.', 'Mr. DeFAZIO.', 'Mr. ROHRABACHER.', 'Mr. CRANE.', 'Mr. GILMAN.', 'Mr. MENENDEZ.', 'The SPEAKER pro tempore.', 'Mr. NEY.', 'Mr. ROTHMAN.', 'Mr. WELLER.', 'Mr. PASCRELL.', 'Mr. WALDEN of Oregon.', 'Mr. RAMSTAD.', 'Mr. SHERMAN.', 'Mr. BLUMENAUER.', 'Mr. OBERSTAR.', 'Mr. KLECZKA.', 'Mr. KOLBE.', 'Mr. WYNN.', 'The CHAIRMAN.', 'Mr. SKELTON.', 'Mr. LEWIS of Georgia.', 'Mr. SANDERS.', 'Mr. TOOMEY.', 'Ms. ESHOO.', 'Mr. BENTSEN.', 'Mr. SMITH of New Jersey.', 'Mr. MORAN of Virginia.', 'Mr. FRELINGHUYSEN.', 'Ms. PELOSI.', 'Mr. GEORGE MILLER of California.', 'Mr. OWENS.', 'Mr. TANCREDO.', 'Mr. LEVIN.', 'Mr. TANNER.', 'Mr. WOLF.', 'Mr. KIND.', 'Mr. HOLT.', 'Ms. WOOLSEY.', 'Mr. HOUGHTON.', 'Mr. KUCINICH.', 'Mr. BURTON of Indiana.', 'Mr. ARCHER.'}";"2000-05";1112.0;9685.0
2896.0;"http://www.congress.gov/crec/1999/06/10/CREC-1999-06-10-pt1-PgH4039.pdf";"This will immediately translate into 9 more launches taking place from American soil rather than from countries like China.";"{'Mr. SOUDER.', 'The CHAIRMAN.', 'Mr. GOSS.', 'Mr. TRAFICANT.', 'Mr. ORTIZ.', 'Mr. WELDON of Florida.'}";"1999-06";372.0;2896.0
53412.0;"http://www.congress.gov/crec/2015/02/26/CREC-2015-02-26-pt1-PgS1138.pdf";"But China had not honored that responsibility.";"{'Mr. CASEY.', 'Ms. BALDWIN.', 'Mr. SANDERS.', 'Mr. MERKLEY.'}";"2015-02";9353.0;53412.0
55629.0;"http://www.congress.gov/crec/2016/02/10/CREC-2016-02-10-pt1-PgS761-4.pdf";"We have also heard from a number of Members who have spoken about their concern with China.";"{'Mr. BLUNT.', 'Mr. MORAN.', 'Mr. GARDNER.', 'Ms. MURKOWSKI.', 'Mr. CORNYN.', 'Mr. SCHATZ.', 'Ms. HIRONO.', 'Mr. CARDIN.', 'Mr. DONNELLY.', 'Ms. KLOBUCHAR.', 'Mrs. FEINSTEIN.', 'Mr. CORKER.', 'Ms. COLLINS.', 'Mrs. SHAHEEN.', 'Mr. SANDERS.', 'Mr. COONS.', 'Mr. LEE.', 'The PRESIDING OFFICER.', 'Mr. MARKEY.', 'Mr. KAINE.'}";"2016-02";9993.0;55629.0
3492.0;"http://www.congress.gov/crec/1999/07/19/CREC-1999-07-19-pt1-PgH5768-2.pdf";"It is my understanding that the gentleman is attempting to provide for expedited approvals for NATO countries, non-NATO allies, and other friendly countries, but that he is specifically suggesting not that there would be no exports licenses for satellites but that there would be no expedited licenses for exports to the People's Republic of China.";"{'Mrs. MALONEY of New York.', 'The CHAIRMAN.', 'Mr. ROHRABACHER.', 'Mr. GILMAN.', 'Mr. SMITH of New Jersey.', 'Mr. BEREUTER.', 'Ms. DeLAURO.'}";"1999-07";498.0;3492.0
40798.0;"http://www.congress.gov/crec/2009/10/22/CREC-2009-10-22-pt1-PgH11596-2.pdf";"However, countries like China, Germany, and Spain are making major investments in this field, unless we increase our investment in research, development and demonstration, RD, into new solar technologies our global competitiveness will be at risk.";"{'Mr. INSLEE.', 'Mr. HARE.', 'Mr. GORDON of Tennessee.', 'Ms. KAPTUR.', 'Mr. MARKEY of Massachusetts.', 'Ms. GIFFORDS.', 'Mr. PASCRELL.', 'Mr. HIMES.', 'Mr. HOLT.', 'Mr. PETERS.'}";"2009-10";6097.0;40798.0
47002.0;"http://www.congress.gov/crec/2011/10/18/CREC-2011-10-18-pt1-PgS6638-2.pdf";"Los Angeles spent $250,000 to aid in the construction of the Twin Dragons Gateway entrance to the Chinatown area.";"{'Mr. CASEY.', 'Mr. McCAIN.'}";"2011-10";7587.0;47002.0
14041.0;"http://www.congress.gov/crec/2000/09/06/CREC-2000-09-06-pt1-PgS8048.pdf";"Our producers and industries will not be in a position to openly access the 1.3 billion people who live in China.";"{'Mr. CRAIG.', 'Mr. BYRD.', 'Mr. HOLLINGS.', 'Mrs. LINCOLN.', 'Mr. FEINGOLD.', 'Mr. GRAMS.'}";"2000-09";1360.0;14041.0
45756.0;"http://www.congress.gov/crec/2011/10/04/CREC-2011-10-04-pt1-PgS6067-2.pdf";"The Secretary General, or the person we believe to be the next leader of China, is going to be here in January.";"{'Mr. BROWN of Ohio.', 'Mr. CORKER.'}";"2011-10";7490.0;45756.0
17225.0;"http://www.congress.gov/crec/2000/09/14/CREC-2000-09-14-pt1-PgS8539.pdf";"Additionally, it is anticipated      that any increase in imports from China would come      primarily at the expense of other restricted suppliers.";"{'Mr. SMITH of New Hampshire.', 'Mr. HOLLINGS.', 'Mrs. LINCOLN.', 'Ms. COLLINS.', 'Mr. ROTH.', 'The PRESIDING OFFICER.', 'Mr. McCONNELL.', 'Ms. MIKULSKI.'}";"2000-09";1420.0;17225.0
27716.0;"http://www.congress.gov/crec/2003/11/21/CREC-2003-11-21-pt1-PgS15335.pdf";"They are the latest and most ambitious in a series of steps      to regulate China's rapidly growing auto industry, after      moves earlier this year to require that air bags be provided      for both front-seat occupants in most new vehicles and that      new family vehicles sold in major cities meet air pollution      standards nearly as strict as those in Western Europe and the      United States.";"{'Ms. SNOWE.', 'Mr. BIDEN.'}";"2003-11";3219.0;27716.0
24574.0;"http://www.congress.gov/crec/2002/06/18/CREC-2002-06-18-pt1-PgH3659-2.pdf";"Do my colleagues think China, who is now producing some of those same critical components, is going to be real helpful in the future?";"{'Mr. DeFAZIO.', 'Ms. KAPTUR.'}";"2002-06";2470.0;24574.0
13809.0;"http://www.congress.gov/crec/2000/09/06/CREC-2000-09-06-pt1-PgS8035-7.pdf";"We are voting on whether American companies, American farmers, American workers, and American consumers will be able to take advantage of the new market opportunities afforded by changes that China will make over the next 5 years once it becomes a member of the World Trade Organization, the WTO.";"{'The PRESIDING OFFICER.', 'Mr. WELLSTONE.', 'Mr. BAUCUS.'}";"2000-09";1356.0;13809.0
12611.0;"http://www.congress.gov/crec/2000/07/11/CREC-2000-07-11-pt1-PgS6448.pdf";"The report shall      include a full analysis, along with conclusions and      recommendations for legislative and administrative actions,      of the national security implications for the United States      of the trade and current balances with the People's Republic      of China in goods and services, financial transactions, and      technology transfers.";"{'The PRESIDING OFFICER.', 'Mr. BENNETT.', 'Mr. WARNER.'}";"2000-07";1257.0;12611.0
43635.0;"http://www.congress.gov/crec/2010/12/14/CREC-2010-12-14-pt1-PgS8979-2.pdf";"And at a time when China is planning to invest a trillion dollars in crucial industries for its long-term growth, there is nothing in this agreement that makes so much as a downpayment for investing in our Nation's future.";"{'Mr. DURBIN.', 'Mr. BENNET.', 'Mr. WYDEN.', 'Ms. STABENOW.', 'Mr. HARKIN.'}";"2010-12";6858.0;43635.0
13010.0;"http://www.congress.gov/crec/2000/07/18/CREC-2000-07-18-pt1-PgH6399-2.pdf";"Just a few months ago, a bipartisan majority of the House voted to extend permanent normal trade relations to China.";"{'Mr. ROHRABACHER.', 'Mr. CRANE.', 'Mr. GILMAN.', 'Mr. HUNTER.', 'Mr. STEARNS.', 'Ms. McKINNEY.', 'Ms. KAPTUR.', 'Mr. MASCARA.', 'Mr. VISCLOSKY.', 'Mr. ROEMER.', 'Mr. PASCRELL.', 'Mr. STARK.', 'Mr. FOLEY.', 'Mr. KOLBE.', 'Mr. DREIER.', 'Mr. SMITH of New Jersey.', 'Mr. PORTER.', 'Mr. BONIOR.', 'Ms. PELOSI.', 'Mr. LIPINSKI.', 'Mr. BROWN of Ohio.', 'Mr. TANCREDO.', 'Mr. LEVIN.', 'Mr. WOLF.', 'Mr. BEREUTER.', 'Mr. KUCINICH.', 'Mr. ARCHER.'}";"2000-07";1286.0;13010.0
26129.0;"http://www.congress.gov/crec/2003/05/20/CREC-2003-05-20-pt1-PgS6660-2.pdf";"But it alsoreportedly listed not only Russia and China but also North Korea, Iraq, Iran, Syria, and Libya as potential enemies in a nuclear war with the use of nuclear weapons.";"{'Mr. SESSIONS.', 'Mr. REED.', 'Mrs. FEINSTEIN.', 'Mr. BIDEN.', 'Mr. ALLARD.', 'Mr. KYL.', 'Mr. KENNEDY.'}";"2003-05";2886.0;26129.0
45573.0;"http://www.congress.gov/crec/2011/10/03/CREC-2011-10-03-pt1-PgS6020-2.pdf";"The decimation of our middle class, our manufacturing sector, and the American economy as a whole is due in part to developing countries such as China employing currency manipulation and other aggressive mercantilist tactics to tilt the field in their favor.";"{'Mr. SCHUMER.', 'Mr. HATCH.'}";"2011-10";7469.0;45573.0
10548.0;"http://www.congress.gov/crec/2000/05/24/CREC-2000-05-24-pt1-PgH3662-2.pdf";"China will be in the WTO.";"{'Mr. BROWN of Ohio.', 'Mr. CONDIT.', 'Mr. ROHRABACHER.', 'Mr. CRANE.', 'Mr. NEAL of Massachusetts.', 'Mr. GEPHARDT.', 'Mr. STARK.', 'The SPEAKER pro tempore (Mr. LaHood).', 'Ms. DUNN.', 'Mr. MATSUI.', 'The SPEAKER pro tempore.', 'Mr. ARCHER.'}";"2000-05";1123.0;10548.0
36930.0;"http://www.congress.gov/crec/2006/05/25/CREC-2006-05-25-pt1-PgH3236-2.pdf";"With the booming economies of China and India squeezing the global oil supply, and the political instability among key oil producing countriessuch as Iran, Nigeria, and Iraq, we should be expecting rising oil prices for some time to come.";"{'Ms. McCOLLUM of Minnesota.', 'Mr. GILCHREST.', 'Mr. GIBBONS.', 'Mr. YOUNG of Alaska.', 'Mr. LANGEVIN.'}";"2006-05";5006.0;36930.0
33527.0;"http://www.congress.gov/crec/2005/06/30/CREC-2005-06-30-pt2-PgS7697.pdf";"But we should not make other countries the scapegoat for China.";"{'Mr. LEAHY.', 'Mr. CORZINE.', 'Mr. LEVIN.', 'Mr. BURR.', 'Mr. BYRD.', 'Mr. DORGAN.', 'Mr. KOHL.', 'Mr. BIDEN.', 'Mr. DODD.', 'Mr. KYL.', 'Mr. HATCH.', 'Mr. COLEMAN.', 'Mr. OBAMA.', 'Mr. CARPER.', 'Mr. BROWNBACK.'}";"2005-06";4311.0;33527.0
4203.0;"http://www.congress.gov/crec/1999/07/27/CREC-1999-07-27-pt1-PgH6434.pdf";"The most valuable American export to China is American ideals.";"{'Mr. GEPHARDT.', 'Mr. COMBEST.', 'Mr. KNOLLENBERG.', 'Mr. SALMON.', 'Mr. CARDIN.', 'Mr. ROHRABACHER.', 'Mr. CRANE.', 'Mr. PORTMAN.', 'Mr. GILMAN.', 'Mr. GREEN of Texas.', 'Mr. LANTOS.', 'Mr. WU.', 'Mr. HUNTER.', 'Mr. SHAW.', 'Mr. STEARNS.', 'Mr. COX.', 'Mr. KASICH.', 'Ms. DUNN.', 'Ms. ESHOO.', 'Mr. SHAYS.', 'Mr. UNDERWOOD.', 'Mr. BECERRA.', 'Mrs. FOWLER.', 'Mr. EDWARDS.', 'Ms. KAPTUR.', 'Mr. WELLER.', 'Mr. CALVERT.', 'Mr. ROEMER.', 'Mr. EWING.', 'Mr. PASCRELL.', 'Mr. NEAL of Massachusetts.', 'Mr. PAUL.', 'Mr. STARK.', 'Mr. BLUMENAUER.', 'Mr. OXLEY.', 'Mr. KLECZKA.', 'Mr. BARRETT of Nebraska.', 'Mr. TRAFICANT.', 'Ms. BALDWIN.', 'Mr. DOOLEY of California.', 'Mr. MARKEY.', 'Mr. FALEOMAVAEGA.', 'Mr. KOLBE.', 'Mr. COBURN.', 'Ms. LEE.', 'Mrs. KELLY.', 'Mr. LEWIS of Georgia.', 'Mr. BERRY.', 'Mr. ALLEN.', 'Mr. FRELINGHUYSEN.', 'Mr. MORAN of Virginia.', 'Mr. SMITH of New Jersey.', 'Ms. ROS-LEHTINEN.', 'Mr. BENTSEN.', 'Mrs. JOHNSON of Connecticut.', 'Mrs. BIGGERT.', 'Mr. TOOMEY.', 'Mr. SANDERS.', 'Mr. GANSKE.', 'Ms. PELOSI.', 'Mr. BONIOR.', 'Mr. HOYER.', 'Mr. STENHOLM.', 'Mr. DREIER.', 'Ms. JACKSON-LEE of Texas.', 'Mr. LIPINSKI.', 'Mr. DAVIS of Florida.', 'Mr. TANCREDO.', 'Mr. JONES of North Carolina.', 'Mr. DICKS.', 'Mr. LEVIN.', 'Mr. DOYLE.', 'Mr. WOLF.', 'Mr. PITTS.', 'Ms. WOOLSEY.', 'Mr. BEREUTER.', 'Mr. MATSUI.', 'Mr. HOUGHTON.', 'Mr. BURTON of Indiana.', 'Mr. ARCHER.'}";"1999-07";541.0;4203.0
4598.0;"http://www.congress.gov/crec/1999/07/27/CREC-1999-07-27-pt1-PgH6434.pdf";"And this debate allows Members to express the deep concerns of all Americans about political and religious oppression that occurs in China.";"{'Mr. GEPHARDT.', 'Mr. COMBEST.', 'Mr. KNOLLENBERG.', 'Mr. SALMON.', 'Mr. CARDIN.', 'Mr. ROHRABACHER.', 'Mr. CRANE.', 'Mr. PORTMAN.', 'Mr. GILMAN.', 'Mr. GREEN of Texas.', 'Mr. LANTOS.', 'Mr. WU.', 'Mr. HUNTER.', 'Mr. SHAW.', 'Mr. STEARNS.', 'Mr. COX.', 'Mr. KASICH.', 'Ms. DUNN.', 'Ms. ESHOO.', 'Mr. SHAYS.', 'Mr. UNDERWOOD.', 'Mr. BECERRA.', 'Mrs. FOWLER.', 'Mr. EDWARDS.', 'Ms. KAPTUR.', 'Mr. WELLER.', 'Mr. CALVERT.', 'Mr. ROEMER.', 'Mr. EWING.', 'Mr. PASCRELL.', 'Mr. NEAL of Massachusetts.', 'Mr. PAUL.', 'Mr. STARK.', 'Mr. BLUMENAUER.', 'Mr. OXLEY.', 'Mr. KLECZKA.', 'Mr. BARRETT of Nebraska.', 'Mr. TRAFICANT.', 'Ms. BALDWIN.', 'Mr. DOOLEY of California.', 'Mr. MARKEY.', 'Mr. FALEOMAVAEGA.', 'Mr. KOLBE.', 'Mr. COBURN.', 'Ms. LEE.', 'Mrs. KELLY.', 'Mr. LEWIS of Georgia.', 'Mr. BERRY.', 'Mr. ALLEN.', 'Mr. FRELINGHUYSEN.', 'Mr. MORAN of Virginia.', 'Mr. SMITH of New Jersey.', 'Ms. ROS-LEHTINEN.', 'Mr. BENTSEN.', 'Mrs. JOHNSON of Connecticut.', 'Mrs. BIGGERT.', 'Mr. TOOMEY.', 'Mr. SANDERS.', 'Mr. GANSKE.', 'Ms. PELOSI.', 'Mr. BONIOR.', 'Mr. HOYER.', 'Mr. STENHOLM.', 'Mr. DREIER.', 'Ms. JACKSON-LEE of Texas.', 'Mr. LIPINSKI.', 'Mr. DAVIS of Florida.', 'Mr. TANCREDO.', 'Mr. JONES of North Carolina.', 'Mr. DICKS.', 'Mr. LEVIN.', 'Mr. DOYLE.', 'Mr. WOLF.', 'Mr. PITTS.', 'Ms. WOOLSEY.', 'Mr. BEREUTER.', 'Mr. MATSUI.', 'Mr. HOUGHTON.', 'Mr. BURTON of Indiana.', 'Mr. ARCHER.'}";"1999-07";541.0;4598.0
54701.0;"http://www.congress.gov/crec/2015/09/15/CREC-2015-09-15-pt1-PgS6617-2.pdf";"Mr. President, as you know, today we are going to have a number of speakers coming down to talk about the deal that has been negotiated between the P5+1 countries--China, Russia, Great Britain, Germany, France, and the United States--and Iran.";"{'Mr. ROUNDS.', 'Mr. HOEVEN.', 'The PRESIDING OFFICER.', 'Mr. REID.', 'Mr. CORKER.', 'Mr. CASSIDY.', 'Mr. BLUNT.', 'Mr. SCOTT.', 'Mr. McCAIN.'}";"2015-09";9723.0;54701.0
32594.0;"http://www.congress.gov/crec/2005/06/16/CREC-2005-06-16-pt1-PgH4580-2_copy.pdf";"When I was ranking member on the Committee on Foreign Operations Appropriations a number of years ago, we put forth a compromise where the money would go forth for UNFPA, but none of the funds would be used in China.";"{'Ms. McCOLLUM of Minnesota.', 'Mrs. CAPPS.', 'Mr. ISRAEL.', 'Mr. WOLF.', 'Mr. PITTS.', 'Mr. MORAN of Virginia.', 'Mr. SMITH of New Jersey.', 'Mrs. LOWEY.', 'Mr. CROWLEY.', 'Ms. PELOSI.', 'Mrs. MALONEY.', 'Mr. SHAYS.'}";"2005-06";4240.0;32594.0
39734.0;"http://www.congress.gov/crec/2009/06/25/CREC-2009-06-25-pt1-PgS7032-2.pdf";"This so-called leakage effect would tip the global economic balance in favor of China.";"{'Mr. INHOFE.', 'Mr. ENZI.'}";"2009-06";5835.0;39734.0
6949.0;"http://www.congress.gov/crec/2000/02/22/CREC-2000-02-22-pt1-PgS658.pdf";"Bill Clinton and Al Gore will leave office having subordinated nonproliferation concerns to business interests, the wishes to foreign campaign donors, and their ``touchy-feely'' personal politicking in Russia, China and elsewhere.";"{'Mr. COCHRAN.', 'Mr. LIEBERMAN.', 'Mr. BIDEN.', 'Mr. LOTT.', 'Mr. HELMS.', 'Mr. KYL.', 'Mr. SHELBY.'}";"2000-02";844.0;6949.0
10432.0;"http://www.congress.gov/crec/2000/05/24/CREC-2000-05-24-pt1-PgH3662-2.pdf";"consultations fail to lead to an      agreement with the People's Republic of China or the WTO      member concerned within 60 days, the Trade Representative      shall promptly publish notice in the Federal Register of any      proposed action to prevent or remedy the trade diversion, and      provide an opportunity for interested persons to present      views and evidence on whether the proposed action is in the      public interest.";"{'Mr. BROWN of Ohio.', 'Mr. CONDIT.', 'Mr. ROHRABACHER.', 'Mr. CRANE.', 'Mr. NEAL of Massachusetts.', 'Mr. GEPHARDT.', 'Mr. STARK.', 'The SPEAKER pro tempore (Mr. LaHood).', 'Ms. DUNN.', 'Mr. MATSUI.', 'The SPEAKER pro tempore.', 'Mr. ARCHER.'}";"2000-05";1123.0;10432.0
21579.0;"http://www.congress.gov/crec/2001/07/18/CREC-2001-07-18-pt1-PgH4141-2.pdf";"1445  We must remain engaged with China.";"{'The CHAIRMAN.', 'Mr. TRAFICANT.', 'Mr. WOLF.', 'Mr. DeLAY.', 'Mr. LANTOS.', 'Mr. SERRANO.', 'The SPEAKER pro tempore.'}";"2001-07";1991.0;21579.0
10974.0;"http://www.congress.gov/crec/2000/05/24/CREC-2000-05-24-pt1-PgH3711.pdf";"If we sign off on permanent trade, we hand over any influence we could have in promoting a China that respects its citizens and that is a non-threatening, peaceful member of the community of nations.";"{'Mr. WEYGAND.', 'Mr. COMBEST.', 'Mr. KNOLLENBERG.', 'Mr. ARMEY.', 'Mr. CHAMBLISS.', 'Mr. BERMAN.', 'Mr. CRANE.', 'Mr. DOOLITTLE.', 'Mr. CASTLE.', 'Mr. LANTOS.', 'Mr. LEACH.', 'Mr. KUYKENDALL.', 'Mr. PORTMAN.', 'Mr. CUNNINGHAM.', 'Mr. HUNTER.', 'The SPEAKER pro tempore.', 'Mr. SHAYS.', 'Mr. UNDERWOOD.', 'Mrs. FOWLER.', 'Mr. RANGEL.', 'Mr. PAUL.', 'Mr. DeLAY.', 'Mr. LaHOOD.', 'Mrs. MEEK of Florida.', 'Mr. NUSSLE.', 'Mr. MANZULLO.', 'Mr. HASTERT.', 'Mr. MOORE.', 'Mr. BARRETT of Nebraska.', 'Mr. ORTIZ.', 'Mr. FALEOMAVAEGA.', 'Ms. LEE.', 'Mr. UDALL of Colorado.', 'Mr. NORWOOD.', 'Mrs. KELLY.', 'Mr. SKELTON.', 'Mr. DINGELL.', 'Mr. PORTER.', 'Mr. BONIOR.', 'Mr. PALLONE.', 'Mr. STENHOLM.', 'Mr. DIXON.', 'Mr. DICKS.', 'Mr. HEFLEY.', 'Mr. WAXMAN.', 'Mr. GALLEGLY.', 'Mr. WOLF.', 'Mr. GEJDENSON.', 'Mr. McGOVERN.', 'Mr. BISHOP.', 'Mr. VENTO.', 'Mr. WELDON of Florida.', 'Mr. POMEROY.', 'Mr. BORSKI.', 'Mr. THORNBERRY.', 'Ms. BALDWIN.'}";"2000-05";1124.0;10974.0
22394.0;"http://www.congress.gov/crec/2001/07/24/CREC-2001-07-24-pt1-PgH4437-5.pdf";"I would say to my friend from Vermont, that was an aberration, not certainly something that is business as usual in regard to the China steel issue.";"{'Mr. PAUL.', 'Mr. VISCLOSKY.', 'Mr. SANDERS.', 'Mr. OXLEY.', 'Mr. MOLLOHAN.', 'Mrs. JONES of Ohio.', 'Mrs. LOWEY.', 'Ms. JACKSON-LEE of Texas.', 'Mr. KOLBE.'}";"2001-07";2004.0;22394.0
49739.0;"http://www.congress.gov/crec/2012/11/15/CREC-2012-11-15-pt1-PgH6380-3.pdf";"Before we did this, understanding how important PNTR and China's accession to the WTO would be, they said:       The persistence on the books of the Jackson-Vanik amendment      does not help to solve the problems with democracy and human      rights in modern Russia at all.";"{'Mr. ROHRABACHER.', 'Mr. DREIER.'}";"2012-11";8243.0;49739.0
36871.0;"http://www.congress.gov/crec/2006/05/22/CREC-2006-05-22-pt1-PgS4862.pdf";"They understand uniquely in Washington State, as we all hopefully do, the need to bring smart, intelligence people from across the world into our Nation and keep us competitive with countries such as China that are turning out four or five or six times the number of scientists we are turning out annually.";"{'Mr. SESSIONS.', 'Mr. GREGG.'}";"2006-05";4995.0;36871.0
11571.0;"http://www.congress.gov/crec/2000/05/24/CREC-2000-05-24-pt1-PgH3711.pdf";"But considering the big picture, increased trade and increased communication with China will allow an opportunity to lessen tensions between our two countries.";"{'Mr. WEYGAND.', 'Mr. COMBEST.', 'Mr. KNOLLENBERG.', 'Mr. ARMEY.', 'Mr. CHAMBLISS.', 'Mr. BERMAN.', 'Mr. CRANE.', 'Mr. DOOLITTLE.', 'Mr. CASTLE.', 'Mr. LANTOS.', 'Mr. LEACH.', 'Mr. KUYKENDALL.', 'Mr. PORTMAN.', 'Mr. CUNNINGHAM.', 'Mr. HUNTER.', 'The SPEAKER pro tempore.', 'Mr. SHAYS.', 'Mr. UNDERWOOD.', 'Mrs. FOWLER.', 'Mr. RANGEL.', 'Mr. PAUL.', 'Mr. DeLAY.', 'Mr. LaHOOD.', 'Mrs. MEEK of Florida.', 'Mr. NUSSLE.', 'Mr. MANZULLO.', 'Mr. HASTERT.', 'Mr. MOORE.', 'Mr. BARRETT of Nebraska.', 'Mr. ORTIZ.', 'Mr. FALEOMAVAEGA.', 'Ms. LEE.', 'Mr. UDALL of Colorado.', 'Mr. NORWOOD.', 'Mrs. KELLY.', 'Mr. SKELTON.', 'Mr. DINGELL.', 'Mr. PORTER.', 'Mr. BONIOR.', 'Mr. PALLONE.', 'Mr. STENHOLM.', 'Mr. DIXON.', 'Mr. DICKS.', 'Mr. HEFLEY.', 'Mr. WAXMAN.', 'Mr. GALLEGLY.', 'Mr. WOLF.', 'Mr. GEJDENSON.', 'Mr. McGOVERN.', 'Mr. BISHOP.', 'Mr. VENTO.', 'Mr. WELDON of Florida.', 'Mr. POMEROY.', 'Mr. BORSKI.', 'Mr. THORNBERRY.', 'Ms. BALDWIN.'}";"2000-05";1124.0;11571.0
2029.0;"http://www.congress.gov/crec/1999/05/18/CREC-1999-05-18-pt1-PgS5500.pdf";"103, which marks the tenth anniversary of the Tiananmen Square massacre of June 4, 1989, in China.";"{'Mr. HUTCHINSON.', 'Mr. FEINGOLD.'}";"1999-05";274.0;2029.0
9714.0;"http://www.congress.gov/crec/2000/05/23/CREC-2000-05-23-pt1-PgH3596-2.pdf";"There is no doubt in my mind that a negative vote on this issue in Congress will be a serious setback and impediment for the further democratization, freedom and human rights in China.''";"{'Mr. ENGLISH.', 'Mrs. CAPPS.', 'Mr. LaFALCE.', 'Mr. SALMON.', 'Mr. DeFAZIO.', 'Mr. ROHRABACHER.', 'Mr. CRANE.', 'Mr. GILMAN.', 'Mr. MENENDEZ.', 'The SPEAKER pro tempore.', 'Mr. NEY.', 'Mr. ROTHMAN.', 'Mr. WELLER.', 'Mr. PASCRELL.', 'Mr. WALDEN of Oregon.', 'Mr. RAMSTAD.', 'Mr. SHERMAN.', 'Mr. BLUMENAUER.', 'Mr. OBERSTAR.', 'Mr. KLECZKA.', 'Mr. KOLBE.', 'Mr. WYNN.', 'The CHAIRMAN.', 'Mr. SKELTON.', 'Mr. LEWIS of Georgia.', 'Mr. SANDERS.', 'Mr. TOOMEY.', 'Ms. ESHOO.', 'Mr. BENTSEN.', 'Mr. SMITH of New Jersey.', 'Mr. MORAN of Virginia.', 'Mr. FRELINGHUYSEN.', 'Ms. PELOSI.', 'Mr. GEORGE MILLER of California.', 'Mr. OWENS.', 'Mr. TANCREDO.', 'Mr. LEVIN.', 'Mr. TANNER.', 'Mr. WOLF.', 'Mr. KIND.', 'Mr. HOLT.', 'Ms. WOOLSEY.', 'Mr. HOUGHTON.', 'Mr. KUCINICH.', 'Mr. BURTON of Indiana.', 'Mr. ARCHER.'}";"2000-05";1112.0;9714.0
44075.0;"http://www.congress.gov/crec/2011/03/08/CREC-2011-03-08-pt1-PgS1348-2.pdf";"When we are trying to look at our kids competing against kids from India and China, does it make sense, if we are going to grow our economy, to slash education programs, if we are going to have that well-trained workforce?";"{'Mr. LEAHY.', 'Mr. WARNER.'}";"2011-03";7022.0;44075.0
9815.0;"http://www.congress.gov/crec/2000/05/23/CREC-2000-05-23-pt1-PgH3596-2.pdf";"It is not even about China haters versus China apologists.";"{'Mr. ENGLISH.', 'Mrs. CAPPS.', 'Mr. LaFALCE.', 'Mr. SALMON.', 'Mr. DeFAZIO.', 'Mr. ROHRABACHER.', 'Mr. CRANE.', 'Mr. GILMAN.', 'Mr. MENENDEZ.', 'The SPEAKER pro tempore.', 'Mr. NEY.', 'Mr. ROTHMAN.', 'Mr. WELLER.', 'Mr. PASCRELL.', 'Mr. WALDEN of Oregon.', 'Mr. RAMSTAD.', 'Mr. SHERMAN.', 'Mr. BLUMENAUER.', 'Mr. OBERSTAR.', 'Mr. KLECZKA.', 'Mr. KOLBE.', 'Mr. WYNN.', 'The CHAIRMAN.', 'Mr. SKELTON.', 'Mr. LEWIS of Georgia.', 'Mr. SANDERS.', 'Mr. TOOMEY.', 'Ms. ESHOO.', 'Mr. BENTSEN.', 'Mr. SMITH of New Jersey.', 'Mr. MORAN of Virginia.', 'Mr. FRELINGHUYSEN.', 'Ms. PELOSI.', 'Mr. GEORGE MILLER of California.', 'Mr. OWENS.', 'Mr. TANCREDO.', 'Mr. LEVIN.', 'Mr. TANNER.', 'Mr. WOLF.', 'Mr. KIND.', 'Mr. HOLT.', 'Ms. WOOLSEY.', 'Mr. HOUGHTON.', 'Mr. KUCINICH.', 'Mr. BURTON of Indiana.', 'Mr. ARCHER.'}";"2000-05";1112.0;9815.0
230.0;"http://www.congress.gov/crec/1999/02/12/CREC-1999-02-12-pt1-PgS1652-4.pdf";"Last year, President Clinton decided not to pursue a resolution critical of China at the U.N. Human Rights Commission in Geneva, Switzerland, citing China's commitment to sign the International Covenant on Civil and Political Rights (ICCPR), as well as other avenues for change.";"{'Mr. HUTCHINSON.', 'Mr. FEINGOLD.'}";"1999-02";35.0;230.0
29395.0;"http://www.congress.gov/crec/2004/06/17/CREC-2004-06-17-pt2-PgH4393.pdf";"Indeed, I think the taxpayers of Bermuda and China ought to be footing the $150 billion price tag for this bill, not the American taxpayers because they appear to be the ones benefiting from this legislation.";"{'Mr. DOGGETT.', 'Mr. FOLEY.', 'Mr. BALDWIN.'}";"2004-06";3589.0;29395.0
26403.0;"http://www.congress.gov/crec/2003/06/25/CREC-2003-06-25-pt1-PgS8575.pdf";"He heads the Foundation for China in the 21st Century, a group that advocates democratization in China.";"{'Mr. BROWNBACK.', 'Mr. KYL.', 'Ms. MIKULSKI.'}";"2003-06";2959.0;26403.0
51823.0;"http://www.congress.gov/crec/2014/03/10/CREC-2014-03-10-pt2-PgS1421-2.pdf";"The idea--and we have heard it before on this floor from climate change deniers--that we shouldn't do anything because China won't do anything misses the point.";"{'Mr. SCHATZ.', 'Mr. CARDIN.', 'Mr. WHITEHOUSE.', 'Mr. BOOKER.', 'Mr. MURPHY.', 'Mr. HEINRICH.', 'Ms. WARREN.'}";"2014-03";8896.0;51823.0
35355.0;"http://www.congress.gov/crec/2005/11/03/CREC-2005-11-03-pt1-PgS12291.pdf";"We owe over $680 billion to Japan, $390 billion to the European Union, $240 billion to China, and $57 billion to OPEC nations, to name a few.";"{'Mr. WARNER.', 'Mrs. FEINSTEIN.', 'Mr. DODD.', 'Mr. WYDEN.', 'Mr. OBAMA.', 'Ms. MIKULSKI.'}";"2005-11";4568.0;35355.0
2760.0;"http://www.congress.gov/crec/1999/06/09/CREC-1999-06-09-pt1-PgH3964-2.pdf";"The Cox report went into painful detail about the extent to which our arsenals have already been compromised to Communist China.";"{'The CHAIRMAN.', 'Mr. WELDON of Pennsylvania.', 'Mr. JONES of North Carolina.', 'Mr. RYUN of Kansas.', 'Mr. GEJDENSON.', 'Mr. DeLAY.', 'Mr. SKELTON.', 'Mr. ROHRABACHER.', 'Mr. SWEENEY.', 'Mr. CASTLE.', 'Mr. CALVERT.', 'Mr. TAYLOR of Mississippi.', 'Ms. JACKSON-LEE of Texas.', 'Mr. HUNTER.', 'Mr. SPENCE.', 'Mr. KINGSTON.', 'Mrs. MYRICK.', 'Mr. ANDREWS.', 'Mr. PALLONE.', 'Mr. CUNNINGHAM.', 'Mr. UNDERWOOD.'}";"1999-06";360.0;2760.0
17899.0;"http://www.congress.gov/crec/2000/09/19/CREC-2000-09-19-pt1-PgS8667-7.pdf";"Every year, we take a look at how China treats its citizens, wondering whether or not our annual review of their trade status would change their behavior.";"{'Mr. SANTORUM.', 'Mr. BAUCUS.', 'Mr. DORGAN.', 'Mr. KERRY.', 'Mr. ROCKEFELLER.', 'Mr. WELLSTONE.', 'Mr. MACK.', 'Mr. HATCH.', 'Mr. BINGAMAN.', 'Mr. DURBIN.', 'Mr. CONRAD.', 'Mr. SESSIONS.', 'Mr. LEAHY.', 'Mr. EDWARDS.', 'Mr. ASHCROFT.', 'Mr. DeWINE.', 'Mr. KERREY.', 'Mr. HOLLINGS.', 'Mr. ALLARD.', 'Ms. SNOWE.', 'Mr. HELMS.', 'Mr. ENZI.', 'Mr. KENNEDY.', 'Mr. McCAIN.', 'Mr. GORTON.', 'Mr. BOND.', 'Mr. SCHUMER.', 'Mr. BYRD.', 'Mr. KOHL.', 'Mr. MURRAY.', 'Mr. LUGAR.', 'Mr. LEVIN.', 'Mr. LAUTENBERG.', 'Mr. JEFFORDS.'}";"2000-09";1443.0;17899.0
24551.0;"http://www.congress.gov/crec/2002/06/11/CREC-2002-06-11-pt1-PgH3412-2.pdf";"We should work with China and the U.N. Human Rights Commission to establish refugee processing centers andoffer safe passage to South Korea, the U.S. and Canada, to offer a new life for North Korean refugees.";"{'Mr. BECERRA.', 'Mr. ROYCE.', 'Mr. KIRK.', 'Mr. SMITH of New Jersey.', 'Mr. GILMAN.', 'Mr. LEACH.', 'Ms. JACKSON-LEE of Texas.', 'Mr. FALEOMAVAEGA.'}";"2002-06";2459.0;24551.0
17720.0;"http://www.congress.gov/crec/2000/09/19/CREC-2000-09-19-pt1-PgS8667-7.pdf";"Aviation experts predict China will purchase 1,600 new commercial airplanes worth $120 billion in the next 20 years.";"{'Mr. SANTORUM.', 'Mr. BAUCUS.', 'Mr. DORGAN.', 'Mr. KERRY.', 'Mr. ROCKEFELLER.', 'Mr. WELLSTONE.', 'Mr. MACK.', 'Mr. HATCH.', 'Mr. BINGAMAN.', 'Mr. DURBIN.', 'Mr. CONRAD.', 'Mr. SESSIONS.', 'Mr. LEAHY.', 'Mr. EDWARDS.', 'Mr. ASHCROFT.', 'Mr. DeWINE.', 'Mr. KERREY.', 'Mr. HOLLINGS.', 'Mr. ALLARD.', 'Ms. SNOWE.', 'Mr. HELMS.', 'Mr. ENZI.', 'Mr. KENNEDY.', 'Mr. McCAIN.', 'Mr. GORTON.', 'Mr. BOND.', 'Mr. SCHUMER.', 'Mr. BYRD.', 'Mr. KOHL.', 'Mr. MURRAY.', 'Mr. LUGAR.', 'Mr. LEVIN.', 'Mr. LAUTENBERG.', 'Mr. JEFFORDS.'}";"2000-09";1443.0;17720.0
51362.0;"http://www.congress.gov/crec/2013/10/15/CREC-2013-10-15-pt1-PgS7475-5.pdf";"China says they are looking to take their $1.3 trillion in U.S. Treasurys and find someplace else for it.";"{'Mr. LEAHY.', 'Mr. MURPHY.'}";"2013-10";8745.0;51362.0
34361.0;"http://www.congress.gov/crec/2005/07/26/CREC-2005-07-26-pt1-PgH6440-6.pdf";"We should be talking about why our trade deficit with China is now at $162 billion and continues to grow with no end in sight.";"{'Mr. GENE GREEN of Texas.', 'Mr. HERGER.', 'Mr. CARDIN.', 'Mr. SHAW.', 'Mr. SOUDER.', 'Mr. RANGEL.', 'Mr. BACA.', 'Mr. PAUL.', 'Mr. NEAL of Massachusetts.', 'Mr. BARRETT of South Carolina.', 'Mr. RYAN of Ohio.', 'Mr. STARK.', 'Mr. CHOCOLA.', 'Mr. REYNOLDS.', 'Mr. ENGLISH of Pennsylvania.', 'Mr. THOMAS.', 'Mr. UDALL of Colorado.', 'Mr. HAYWORTH.', 'Mrs. JOHNSON of Connecticut.', 'Mr. ROGERS of Michigan.', 'Ms. HART.', 'Mr. LEVIN.', 'Mr. HOLT.', 'Mr. SPRATT.', 'Mr. MURPHY.', 'Mr. KUCINICH.'}";"2005-07";4377.0;34361.0
45840.0;"http://www.congress.gov/crec/2011/10/04/CREC-2011-10-04-pt1-PgS6069.pdf";"The only thing that would be dangerous would be to continue turning the other cheek while China mounts its assault on U.S. jobs, U.S. wealth, and U.S. manufacturing.";"{'Mr. BROWN of Ohio.', 'Mr. WEBB.', 'Mr. LEVIN.', 'Mr. SCHUMER.', 'Mr. REID.', 'Ms. COLLINS.', 'Mr. WHITEHOUSE.', 'Mr. HATCH.', 'Mr. CASEY.'}";"2011-10";7491.0;45840.0
55872.0;"http://www.congress.gov/crec/2016/04/27/CREC-2016-04-27-pt1-PgH2047-5.pdf";"If you don't believe that, go to a country like Cuba, go to China, go to Iran and proselytize.";"{'Mr. YOHO.', 'Mr. BENISHEK.'}";"2016-04";10083.0;55872.0
52127.0;"http://www.congress.gov/crec/2014/05/20/CREC-2014-05-20-pt1-PgH4541-2.pdf";"Withdrawal and reservation of public land for Naval Air               Weapons Station China Lake, California.";"{'Mr. WITTMAN.', 'The Acting CHAIR.'}";"2014-05";9004.0;52127.0
392.0;"http://www.congress.gov/crec/1999/02/25/CREC-1999-02-25-pt1-PgS1972.pdf";"Nearly five years after the President's decision, which I deeply regretted, to delink most-favored-nation status from human rights, we cannot forget that the human rights situation in China and Tibet remains abysmal.";"{'Mr. THOMAS.', 'Mr. HUTCHINSON.', 'Mr. DORGAN.', 'Mr. BIDEN.', 'Mrs. FEINSTEIN.', 'Mr. LOTT.', 'Mr. WELLSTONE.', 'Mr. MACK.', 'The PRESIDING OFFICER (Mr. Allard).', 'Mr. FEINGOLD.'}";"1999-02";47.0;392.0
10767.0;"http://www.congress.gov/crec/2000/05/24/CREC-2000-05-24-pt1-PgH3711.pdf";"China agreed to participate in the Information Technology Agreement and to eliminate tariffs on products such as software, computers, and semiconductors.";"{'Mr. WEYGAND.', 'Mr. COMBEST.', 'Mr. KNOLLENBERG.', 'Mr. ARMEY.', 'Mr. CHAMBLISS.', 'Mr. BERMAN.', 'Mr. CRANE.', 'Mr. DOOLITTLE.', 'Mr. CASTLE.', 'Mr. LANTOS.', 'Mr. LEACH.', 'Mr. KUYKENDALL.', 'Mr. PORTMAN.', 'Mr. CUNNINGHAM.', 'Mr. HUNTER.', 'The SPEAKER pro tempore.', 'Mr. SHAYS.', 'Mr. UNDERWOOD.', 'Mrs. FOWLER.', 'Mr. RANGEL.', 'Mr. PAUL.', 'Mr. DeLAY.', 'Mr. LaHOOD.', 'Mrs. MEEK of Florida.', 'Mr. NUSSLE.', 'Mr. MANZULLO.', 'Mr. HASTERT.', 'Mr. MOORE.', 'Mr. BARRETT of Nebraska.', 'Mr. ORTIZ.', 'Mr. FALEOMAVAEGA.', 'Ms. LEE.', 'Mr. UDALL of Colorado.', 'Mr. NORWOOD.', 'Mrs. KELLY.', 'Mr. SKELTON.', 'Mr. DINGELL.', 'Mr. PORTER.', 'Mr. BONIOR.', 'Mr. PALLONE.', 'Mr. STENHOLM.', 'Mr. DIXON.', 'Mr. DICKS.', 'Mr. HEFLEY.', 'Mr. WAXMAN.', 'Mr. GALLEGLY.', 'Mr. WOLF.', 'Mr. GEJDENSON.', 'Mr. McGOVERN.', 'Mr. BISHOP.', 'Mr. VENTO.', 'Mr. WELDON of Florida.', 'Mr. POMEROY.', 'Mr. BORSKI.', 'Mr. THORNBERRY.', 'Ms. BALDWIN.'}";"2000-05";1124.0;10767.0
11339.0;"http://www.congress.gov/crec/2000/05/24/CREC-2000-05-24-pt1-PgH3711.pdf";"A no vote will encourage Chinese hard-liners to resist change, and even be perceived in China as a vote for confrontation.";"{'Mr. WEYGAND.', 'Mr. COMBEST.', 'Mr. KNOLLENBERG.', 'Mr. ARMEY.', 'Mr. CHAMBLISS.', 'Mr. BERMAN.', 'Mr. CRANE.', 'Mr. DOOLITTLE.', 'Mr. CASTLE.', 'Mr. LANTOS.', 'Mr. LEACH.', 'Mr. KUYKENDALL.', 'Mr. PORTMAN.', 'Mr. CUNNINGHAM.', 'Mr. HUNTER.', 'The SPEAKER pro tempore.', 'Mr. SHAYS.', 'Mr. UNDERWOOD.', 'Mrs. FOWLER.', 'Mr. RANGEL.', 'Mr. PAUL.', 'Mr. DeLAY.', 'Mr. LaHOOD.', 'Mrs. MEEK of Florida.', 'Mr. NUSSLE.', 'Mr. MANZULLO.', 'Mr. HASTERT.', 'Mr. MOORE.', 'Mr. BARRETT of Nebraska.', 'Mr. ORTIZ.', 'Mr. FALEOMAVAEGA.', 'Ms. LEE.', 'Mr. UDALL of Colorado.', 'Mr. NORWOOD.', 'Mrs. KELLY.', 'Mr. SKELTON.', 'Mr. DINGELL.', 'Mr. PORTER.', 'Mr. BONIOR.', 'Mr. PALLONE.', 'Mr. STENHOLM.', 'Mr. DIXON.', 'Mr. DICKS.', 'Mr. HEFLEY.', 'Mr. WAXMAN.', 'Mr. GALLEGLY.', 'Mr. WOLF.', 'Mr. GEJDENSON.', 'Mr. McGOVERN.', 'Mr. BISHOP.', 'Mr. VENTO.', 'Mr. WELDON of Florida.', 'Mr. POMEROY.', 'Mr. BORSKI.', 'Mr. THORNBERRY.', 'Ms. BALDWIN.'}";"2000-05";1124.0;11339.0
17180.0;"http://www.congress.gov/crec/2000/09/14/CREC-2000-09-14-pt1-PgS8539.pdf";"Is Donald Mitchell suggesting that exporting tobacco to China is a guaranteed solution for Kentucky's farmers?";"{'Mr. SMITH of New Hampshire.', 'Mr. HOLLINGS.', 'Mrs. LINCOLN.', 'Ms. COLLINS.', 'Mr. ROTH.', 'The PRESIDING OFFICER.', 'Mr. McCONNELL.', 'Ms. MIKULSKI.'}";"2000-09";1420.0;17180.0
16244.0;"http://www.congress.gov/crec/2000/09/13/CREC-2000-09-13-pt1-PgS8445.pdf";"None of these things China has today.";"{'Mr. TORRICELLI.', 'Mr. SMITH of New Hampshire.', 'Mrs. FEINSTEIN.', 'Mr. WELLSTONE.', 'Mr. ASHCROFT.', 'Mr. DeWINE.', 'Mr. ALLARD.', 'Mr. HELMS.', 'Mr. ROTH.', 'Mr. KYL.', 'Mr. SHELBY.', 'Mrs. BOXER.', 'The PRESIDING OFFICER.', 'Mrs. HUTCHISON.', 'Mr. BYRD.', 'Mr. BIDEN.', 'Mr. LOTT.', 'Mr. DOMENICI.', 'Mr. THOMPSON.', 'Mr. MOYNIHAN.', 'Mr. LEVIN.', 'Mr. GRAMM.', 'Mr. DODD.', 'Mr. FEINGOLD.'}";"2000-09";1407.0;16244.0
27701.0;"http://www.congress.gov/crec/2003/11/20/CREC-2003-11-20-pt1-PgS15217-2.pdf";"It should take a cue from China and prepare for      the future, instead of squandering precious resources trying      to maintain an unsustainable past.";"{'Mrs. BOXER.', 'Mr. DURBIN.'}";"2003-11";3210.0;27701.0
27388.0;"http://www.congress.gov/crec/2003/10/29/CREC-2003-10-29-pt1-PgS13484-2.pdf";"In the absence of some kind of protocol or treaty, we will be choking to death on the emissions from countries such as China and India as their standard of living rises.";"{'Mr. SESSIONS.', 'Mr. BOND.', 'Mrs. CLINTON.', 'Mr. BENNETT.', 'Mr. INHOFE.', 'Mr. VOINOVICH.'}";"2003-10";3149.0;27388.0
49447.0;"http://www.congress.gov/crec/2012/08/01/CREC-2012-08-01-pt1-PgS5805-6.pdf";"That memorandum of agreement between China and Canada called for more economic cooperation and more energy development, with China working in conjunction with Canada.";"{'Mr. HOEVEN.', 'Ms. KLOBUCHAR.', 'Mr. REID.', 'Mr. WHITEHOUSE.', 'Mr. DURBIN.', 'Mr. McCAIN.'}";"2012-08";8156.0;49447.0
18906.0;"http://www.congress.gov/crec/2000/09/19/CREC-2000-09-19-pt1-PgS8724.pdf";"I would like to take this opportunity to share my views on the issues involved and explain the process I went through in making my decision on how to vote on providing normal trade relations status to China.";"{'Mr. HARKIN.', 'Mr. ROTH.', 'Mr. LOTT.'}";"2000-09";1444.0;18906.0
43644.0;"http://www.congress.gov/crec/2010/12/14/CREC-2010-12-14-pt1-PgS8979-2.pdf";"We are borrowing money from China in order to pay for short-term exigencies at the same time China is using its wealth to invest in infrastructure so they will be more competitive in the world economy in the future.";"{'Mr. DURBIN.', 'Mr. BENNET.', 'Mr. WYDEN.', 'Ms. STABENOW.', 'Mr. HARKIN.'}";"2010-12";6858.0;43644.0
15358.0;"http://www.congress.gov/crec/2000/09/11/CREC-2000-09-11-pt1-PgS8297-7.pdf";"With almost one-quarter of the world's population within its borders, China could represent the greatest threat to our Nation's national security.";"{'Mr. GRAMS.', 'Mr. BYRD.', 'Mr. BAUCUS.', 'Mr. KERRY.', 'Mr. SARBANES.', 'Ms. COLLINS.', 'Mr. HELMS.', 'Mr. ROTH.', 'Mr. ENZI.', 'Mr. KYL.', 'The PRESIDING OFFICER.', 'Mr. GRAHAM.', 'Mr. SPECTER.', 'Mr. INHOFE.', 'Mr. MURKOWSKI.', 'Mr. THOMPSON.'}";"2000-09";1380.0;15358.0
18962.0;"http://www.congress.gov/crec/2000/09/19/CREC-2000-09-19-pt1-PgS8724.pdf";"In the case of China, I am convinced that granting PNTR will not hinder our efforts to improve human rights there.";"{'Mr. HARKIN.', 'Mr. ROTH.', 'Mr. LOTT.'}";"2000-09";1444.0;18962.0
8015.0;"http://www.congress.gov/crec/2000/05/09/CREC-2000-05-09-pt1-PgH2738-2.pdf";"Our passing PNTR is going to mean more of the same in China: more repression, more oppression from the government, a government that resists democracy because they have the power to.";"{'Mr. BROWN of Ohio.', 'Ms. KAPTUR.', 'Mr. PASCRELL.', 'Mr. SANDERS.', 'Ms. WOOLSEY.', 'Ms. PELOSI.', 'Mr. BONIOR.', 'Mr. LIPINSKI.'}";"2000-05";1020.0;8015.0
14010.0;"http://www.congress.gov/crec/2000/09/06/CREC-2000-09-06-pt1-PgS8048.pdf";"While I will have a much longer statement once that amendment is offered, I will only say now that this amendment in any form will drive a wedge through our efforts to improve our relationship with China.";"{'Mr. CRAIG.', 'Mr. BYRD.', 'Mr. HOLLINGS.', 'Mrs. LINCOLN.', 'Mr. FEINGOLD.', 'Mr. GRAMS.'}";"2000-09";1360.0;14010.0
44355.0;"http://www.congress.gov/crec/2011/04/08/CREC-2011-04-08-pt1-PgS2308.pdf";"Then someone raised the ante, and by the time this was all done, with interest, we borrowed from China and other places $1 trillion.";"{'Mr. JOHANNS.', 'Ms. STABENOW.', 'Mr. CORNYN.'}";"2011-04";7122.0;44355.0
2417.0;"http://www.congress.gov/crec/1999/05/27/CREC-1999-05-27-pt1-PgS6160.pdf";"Russia is edging closer to China, and India.";"{'Mr. SMITH of New Hampshire.', 'Mr. HUTCHINSON.', 'Mr. LOTT.', 'Ms. COLLINS.', 'Mr. GRAHAM.', 'Mr. BINGAMAN.', 'The PRESIDING OFFICER.', 'Mr. DOMENICI.', 'Mr. MURKOWSKI.'}";"1999-05";337.0;2417.0
34842.0;"http://www.congress.gov/crec/2005/09/06/CREC-2005-09-06-pt1-PgH7650-4.pdf";"A Night on a Sandbar on the Yangtze River--March 8, 1945                          (By Hugh D. Wilson)       I had spent twelve months in China as a fighter pilot,      flying P-40's and P-47's.";"{'Mr. WILSON of South Carolina.', 'Mr. STEARNS.'}";"2005-09";4416.0;34842.0
2679.0;"http://www.congress.gov/crec/1999/06/09/CREC-1999-06-09-pt1-PgH3872-3.pdf";"mission of the Center is to study the      national goals and strategic posture of the People's Republic      of China and the ability of that nation to develop, field,      and deploy an effective military instrument in support of its      national strategic objectives.";"{'The CHAIRMAN.', 'Mr. GOSS.', 'Mr. DICKS.', 'Mr. WELDON of Pennsylvania.', 'Mr. DeLAY.', 'Ms. ROYBAL-ALLARD.', 'Mr. DREIER.', 'Mr. GOODLING.', 'Mrs. MINK of Hawaii.', 'Mr. GILMAN.', 'Mrs. MYRICK.', 'Mr. HUNTER.', 'Mr. FROST.', 'Mrs. WILSON.', 'Mr. COX.', 'Mr. CUNNINGHAM.', 'Mr. SPRATT.', 'Ms. PELOSI.', 'Mr. MENENDEZ.', 'Ms. McKINNEY.'}";"1999-06";359.0;2679.0
34006.0;"http://www.congress.gov/crec/2005/07/20/CREC-2005-07-20-pt1-PgH6117-3.pdf";"A nuclear strike by China against the United States would trigger a nuclear exchange which wouldleave hundreds of millions of casualties.";"{'Mr. ISSA.', 'Mr. TANCREDO.', 'Mr. KING of Iowa.', 'Mr. McCAUL of Texas.', 'Mr. LANTOS.', 'Mr. KUCINICH.', 'The Acting CHAIRMAN.'}";"2005-07";4358.0;34006.0
14012.0;"http://www.congress.gov/crec/2000/09/06/CREC-2000-09-06-pt1-PgS8048.pdf";"As Henry Kissinger stated:       If hostility to China were to become a permanent aspect of      our foreign policy, we would find no allies.";"{'Mr. CRAIG.', 'Mr. BYRD.', 'Mr. HOLLINGS.', 'Mrs. LINCOLN.', 'Mr. FEINGOLD.', 'Mr. GRAMS.'}";"2000-09";1360.0;14012.0
17081.0;"http://www.congress.gov/crec/2000/09/14/CREC-2000-09-14-pt1-PgS8539.pdf";"So even though I believe and support trade, I do not believe we should grant permanent trade privileges to countries--such as China--at any price.";"{'Mr. SMITH of New Hampshire.', 'Mr. HOLLINGS.', 'Mrs. LINCOLN.', 'Ms. COLLINS.', 'Mr. ROTH.', 'The PRESIDING OFFICER.', 'Mr. McCONNELL.', 'Ms. MIKULSKI.'}";"2000-09";1420.0;17081.0
231.0;"http://www.congress.gov/crec/1999/02/12/CREC-1999-02-12-pt1-PgS1652-4.pdf";"In July, President Clinton granted the Communist government undeserved legitimacy by making a state visit to China.";"{'Mr. HUTCHINSON.', 'Mr. FEINGOLD.'}";"1999-02";35.0;231.0
308.0;"http://www.congress.gov/crec/1999/02/25/CREC-1999-02-25-pt1-PgS1972.pdf";"Religious persecution runs rampant in China.";"{'Mr. THOMAS.', 'Mr. HUTCHINSON.', 'Mr. DORGAN.', 'Mr. BIDEN.', 'Mrs. FEINSTEIN.', 'Mr. LOTT.', 'Mr. WELLSTONE.', 'Mr. MACK.', 'The PRESIDING OFFICER (Mr. Allard).', 'Mr. FEINGOLD.'}";"1999-02";47.0;308.0
45347.0;"http://www.congress.gov/crec/2011/09/21/CREC-2011-09-21-pt1-PgS5800-2.pdf";"I suggest the United States should not give in to this intimidation and these threats, and that we should instead pass this legislation to send a clear message to China that respects only strength, not weakness; that the real madmen are those who think America will abandon our friends and allies and our principles and our longstanding strategic interest in the stability of East Asia.";"{'Mr. HARKIN.', 'Mr. WYDEN.', 'Mr. BAUCUS.', 'Mr. HATCH.', 'Mr. CORNYN.'}";"2011-09";7443.0;45347.0
24245.0;"http://www.congress.gov/crec/2002/05/17/CREC-2002-05-17-pt1-PgS4519-2.pdf";"Take China for example, opening trade and encouraging dialogue with the Chinese has promoted capitalism and democracy in their country.";"{'Mr. DORGAN.', 'Mr. ENZI.'}";"2002-05";2415.0;24245.0
12395.0;"http://www.congress.gov/crec/2000/06/22/CREC-2000-06-22-pt1-PgS5587.pdf";"I hope he will join me in ultimately opposing normal trade relations as the best leverage to try to keep the people's Republic of China in line.";"{'Mr. SPECTER.', 'Mr. BIDEN.'}";"2000-06";1212.0;12395.0
5071.0;"http://www.congress.gov/crec/1999/07/27/CREC-1999-07-27-pt1-PgH6434.pdf";"Our business community comes to us and says, when are we going to get intellectual property protected in China?";"{'Mr. GEPHARDT.', 'Mr. COMBEST.', 'Mr. KNOLLENBERG.', 'Mr. SALMON.', 'Mr. CARDIN.', 'Mr. ROHRABACHER.', 'Mr. CRANE.', 'Mr. PORTMAN.', 'Mr. GILMAN.', 'Mr. GREEN of Texas.', 'Mr. LANTOS.', 'Mr. WU.', 'Mr. HUNTER.', 'Mr. SHAW.', 'Mr. STEARNS.', 'Mr. COX.', 'Mr. KASICH.', 'Ms. DUNN.', 'Ms. ESHOO.', 'Mr. SHAYS.', 'Mr. UNDERWOOD.', 'Mr. BECERRA.', 'Mrs. FOWLER.', 'Mr. EDWARDS.', 'Ms. KAPTUR.', 'Mr. WELLER.', 'Mr. CALVERT.', 'Mr. ROEMER.', 'Mr. EWING.', 'Mr. PASCRELL.', 'Mr. NEAL of Massachusetts.', 'Mr. PAUL.', 'Mr. STARK.', 'Mr. BLUMENAUER.', 'Mr. OXLEY.', 'Mr. KLECZKA.', 'Mr. BARRETT of Nebraska.', 'Mr. TRAFICANT.', 'Ms. BALDWIN.', 'Mr. DOOLEY of California.', 'Mr. MARKEY.', 'Mr. FALEOMAVAEGA.', 'Mr. KOLBE.', 'Mr. COBURN.', 'Ms. LEE.', 'Mrs. KELLY.', 'Mr. LEWIS of Georgia.', 'Mr. BERRY.', 'Mr. ALLEN.', 'Mr. FRELINGHUYSEN.', 'Mr. MORAN of Virginia.', 'Mr. SMITH of New Jersey.', 'Ms. ROS-LEHTINEN.', 'Mr. BENTSEN.', 'Mrs. JOHNSON of Connecticut.', 'Mrs. BIGGERT.', 'Mr. TOOMEY.', 'Mr. SANDERS.', 'Mr. GANSKE.', 'Ms. PELOSI.', 'Mr. BONIOR.', 'Mr. HOYER.', 'Mr. STENHOLM.', 'Mr. DREIER.', 'Ms. JACKSON-LEE of Texas.', 'Mr. LIPINSKI.', 'Mr. DAVIS of Florida.', 'Mr. TANCREDO.', 'Mr. JONES of North Carolina.', 'Mr. DICKS.', 'Mr. LEVIN.', 'Mr. DOYLE.', 'Mr. WOLF.', 'Mr. PITTS.', 'Ms. WOOLSEY.', 'Mr. BEREUTER.', 'Mr. MATSUI.', 'Mr. HOUGHTON.', 'Mr. BURTON of Indiana.', 'Mr. ARCHER.'}";"1999-07";541.0;5071.0
54633.0;"http://www.congress.gov/crec/2015/09/09/CREC-2015-09-09-pt1-PgS6490-2.pdf";"Iran would seize this opening to drive a wedge between us and our European allies, as well as Russia and China.";"{'Mr. REED.', 'Mrs. FEINSTEIN.', 'Mr. McCAIN.', 'Mr. SANDERS.', 'Mr. COONS.', 'Mr. DURBIN.', 'Mr. McCONNELL.', 'Mr. KAINE.', 'Mrs. FISCHER.'}";"2015-09";9707.0;54633.0
11522.0;"http://www.congress.gov/crec/2000/05/24/CREC-2000-05-24-pt1-PgH3711.pdf";"The economic advantages of supporting trade with China may well be enough reason to support this resolution, but that is only the beginning.";"{'Mr. WEYGAND.', 'Mr. COMBEST.', 'Mr. KNOLLENBERG.', 'Mr. ARMEY.', 'Mr. CHAMBLISS.', 'Mr. BERMAN.', 'Mr. CRANE.', 'Mr. DOOLITTLE.', 'Mr. CASTLE.', 'Mr. LANTOS.', 'Mr. LEACH.', 'Mr. KUYKENDALL.', 'Mr. PORTMAN.', 'Mr. CUNNINGHAM.', 'Mr. HUNTER.', 'The SPEAKER pro tempore.', 'Mr. SHAYS.', 'Mr. UNDERWOOD.', 'Mrs. FOWLER.', 'Mr. RANGEL.', 'Mr. PAUL.', 'Mr. DeLAY.', 'Mr. LaHOOD.', 'Mrs. MEEK of Florida.', 'Mr. NUSSLE.', 'Mr. MANZULLO.', 'Mr. HASTERT.', 'Mr. MOORE.', 'Mr. BARRETT of Nebraska.', 'Mr. ORTIZ.', 'Mr. FALEOMAVAEGA.', 'Ms. LEE.', 'Mr. UDALL of Colorado.', 'Mr. NORWOOD.', 'Mrs. KELLY.', 'Mr. SKELTON.', 'Mr. DINGELL.', 'Mr. PORTER.', 'Mr. BONIOR.', 'Mr. PALLONE.', 'Mr. STENHOLM.', 'Mr. DIXON.', 'Mr. DICKS.', 'Mr. HEFLEY.', 'Mr. WAXMAN.', 'Mr. GALLEGLY.', 'Mr. WOLF.', 'Mr. GEJDENSON.', 'Mr. McGOVERN.', 'Mr. BISHOP.', 'Mr. VENTO.', 'Mr. WELDON of Florida.', 'Mr. POMEROY.', 'Mr. BORSKI.', 'Mr. THORNBERRY.', 'Ms. BALDWIN.'}";"2000-05";1124.0;11522.0
4313.0;"http://www.congress.gov/crec/1999/07/27/CREC-1999-07-27-pt1-PgH6434.pdf";"I urge my colleagues to vote for the bill to disapprove NTR for China.";"{'Mr. GEPHARDT.', 'Mr. COMBEST.', 'Mr. KNOLLENBERG.', 'Mr. SALMON.', 'Mr. CARDIN.', 'Mr. ROHRABACHER.', 'Mr. CRANE.', 'Mr. PORTMAN.', 'Mr. GILMAN.', 'Mr. GREEN of Texas.', 'Mr. LANTOS.', 'Mr. WU.', 'Mr. HUNTER.', 'Mr. SHAW.', 'Mr. STEARNS.', 'Mr. COX.', 'Mr. KASICH.', 'Ms. DUNN.', 'Ms. ESHOO.', 'Mr. SHAYS.', 'Mr. UNDERWOOD.', 'Mr. BECERRA.', 'Mrs. FOWLER.', 'Mr. EDWARDS.', 'Ms. KAPTUR.', 'Mr. WELLER.', 'Mr. CALVERT.', 'Mr. ROEMER.', 'Mr. EWING.', 'Mr. PASCRELL.', 'Mr. NEAL of Massachusetts.', 'Mr. PAUL.', 'Mr. STARK.', 'Mr. BLUMENAUER.', 'Mr. OXLEY.', 'Mr. KLECZKA.', 'Mr. BARRETT of Nebraska.', 'Mr. TRAFICANT.', 'Ms. BALDWIN.', 'Mr. DOOLEY of California.', 'Mr. MARKEY.', 'Mr. FALEOMAVAEGA.', 'Mr. KOLBE.', 'Mr. COBURN.', 'Ms. LEE.', 'Mrs. KELLY.', 'Mr. LEWIS of Georgia.', 'Mr. BERRY.', 'Mr. ALLEN.', 'Mr. FRELINGHUYSEN.', 'Mr. MORAN of Virginia.', 'Mr. SMITH of New Jersey.', 'Ms. ROS-LEHTINEN.', 'Mr. BENTSEN.', 'Mrs. JOHNSON of Connecticut.', 'Mrs. BIGGERT.', 'Mr. TOOMEY.', 'Mr. SANDERS.', 'Mr. GANSKE.', 'Ms. PELOSI.', 'Mr. BONIOR.', 'Mr. HOYER.', 'Mr. STENHOLM.', 'Mr. DREIER.', 'Ms. JACKSON-LEE of Texas.', 'Mr. LIPINSKI.', 'Mr. DAVIS of Florida.', 'Mr. TANCREDO.', 'Mr. JONES of North Carolina.', 'Mr. DICKS.', 'Mr. LEVIN.', 'Mr. DOYLE.', 'Mr. WOLF.', 'Mr. PITTS.', 'Ms. WOOLSEY.', 'Mr. BEREUTER.', 'Mr. MATSUI.', 'Mr. HOUGHTON.', 'Mr. BURTON of Indiana.', 'Mr. ARCHER.'}";"1999-07";541.0;4313.0
33956.0;"http://www.congress.gov/crec/2005/07/19/CREC-2005-07-19-pt1-PgS8447.pdf";"No matter what our personal views on nuclear power and the construction of nuclear powerplants in the United States--that is our business--it is clear that China intends to proceed with at least 30 nuclear powerplants, the most advanced and the cleanest yet known to man, over the next decade.";"{'Mr. SANTORUM.', 'Mr. COBURN.', 'Mrs. BOXER.', 'Mrs. FEINSTEIN.', 'Mr. DORGAN.', 'The PRESIDING OFFICER.', 'Mr. OBAMA.'}";"2005-07";4355.0;33956.0
